freq,iccs,unit,geo\TIME_PERIOD	2012 	2013 	2014 	2015 	2016 	2017 	2018 	2019 	2020 	2021 
A,ICCS0101,P_HTHAB,AL	: 	: 	3.38 	1.86 	2.46 	1.81 	1.78 	2.03 	1.83 	2.16 
A,ICCS0101,P_HTHAB,AT	1.05 	0.75 	0.51 	0.49 	0.56 	0.70 	0.83 	0.84 	0.61 	0.66 
A,ICCS0101,P_HTHAB,BA	1.56 	: 	: 	: 	: 	: 	: 	: 	: 	: 
A,ICCS0101,P_HTHAB,BE	1.86 	1.83 	1.88 	2.06 	1.55 	1.74 	1.68 	1.27 	1.26 	1.26 
A,ICCS0101,P_HTHAB,BG	1.92 	1.50 	1.55 	1.75 	1.10 	1.34 	1.30 	1.14 	0.95 	1.27 
A,ICCS0101,P_HTHAB,CH	0.57 	0.71 	0.50 	0.69 	0.54 	0.53 	0.59 	0.54 	0.55 	0.48 
A,ICCS0101,P_HTHAB,CY	2.20 	1.27 	1.17 	1.42 	1.30 	0.82 	1.62 	1.48 	1.69 	1.56 
A,ICCS0101,P_HTHAB,CZ	0.90 	0.86 	0.77 	0.84 	0.62 	0.38 	0.52 	0.76 	0.53 	0.43 
A,ICCS0101,P_HTHAB,DE	0.77 	0.77 	0.80 	0.81 	0.91 	0.89 	0.76 	0.71 	0.86 	0.76 
A,ICCS0101,P_HTHAB,DK	0.77 	0.73 	1.10 	0.92 	0.93 	1.06 	0.93 	0.91 	0.88 	0.72 
A,ICCS0101,P_HTHAB,EE	4.75 	3.94 	3.12 	3.80 	2.51 	2.20 	1.90 	1.74 	2.78 	1.35 
A,ICCS0101,P_HTHAB,EL	1.49 	1.28 	0.96 	0.79 	0.75 	0.72 	0.88 	0.71 	0.68 	0.83 
A,ICCS0101,P_HTHAB,ES	0.78 	0.65 	0.69 	0.65 	0.63 	0.66 	0.62 	0.71 	0.63 	0.61 
A,ICCS0101,P_HTHAB,FI	1.98 	1.97 	2.05 	2.12 	1.75 	1.34 	1.72 	1.50 	1.72 	1.70 
A,ICCS0101,P_HTHAB,FR	1.25 	1.22 	1.16 	1.32 	1.17 	1.06 	1.04 	1.12 	1.03 	1.08 
A,ICCS0101,P_HTHAB,HR	1.19 	1.08 	0.85 	0.88 	1.05 	1.11 	0.58 	0.81 	0.99 	0.82 
A,ICCS0101,P_HTHAB,HU	1.14 	1.39 	1.31 	2.05 	0.93 	0.87 	0.85 	0.59 	0.79 	0.69 
A,ICCS0101,P_HTHAB,IE	1.13 	1.11 	1.15 	0.64 	0.72 	0.82 	0.81 	0.67 	0.66 	0.44 
A,ICCS0101,P_HTHAB,IS	0.31 	0.31 	0.61 	0.91 	0.30 	0.89 	0.57 	0.28 	0.82 	0.54 
A,ICCS0101,P_HTHAB,IT	0.89 	0.85 	0.80 	0.77 	0.67 	0.62 	0.59 	0.53 	0.48 	0.51 
A,ICCS0101,P_HTHAB,LI	0.00 	0.00 	2.69 	0.00 	0.00 	2.64 	2.62 	0.00 	2.58 	: 
A,ICCS0101,P_HTHAB,LT	6.03 	5.79 	5.27 	5.75 	4.92 	3.97 	3.45 	3.01 	3.54 	2.50 
A,ICCS0101,P_HTHAB,LU	0.57 	0.37 	0.73 	0.89 	0.87 	0.34 	0.50 	0.65 	0.32 	0.47 
A,ICCS0101,P_HTHAB,LV	4.74 	3.41 	3.85 	4.08 	5.64 	5.59 	5.22 	4.74 	4.88 	5.18 
A,ICCS0101,P_HTHAB,ME	2.42 	1.45 	3.06 	2.73 	3.86 	1.77 	2.09 	3.38 	2.57 	2.26 
A,ICCS0101,P_HTHAB,MK	1.36 	0.97 	1.21 	1.01 	0.82 	1.21 	: 	: 	: 	: 
A,ICCS0101,P_HTHAB,MT	2.39 	1.42 	1.41 	0.93 	1.11 	1.96 	1.26 	0.81 	1.17 	0.39 
A,ICCS0101,P_HTHAB,NL	: 	0.88 	0.86 	0.71 	0.64 	0.92 	0.69 	0.72 	0.70 	0.72 
A,ICCS0101,P_HTHAB,NO	0.54 	0.93 	0.57 	0.46 	0.52 	0.53 	0.47 	0.53 	0.58 	0.54 
A,ICCS0101,P_HTHAB,PL	0.99 	0.78 	0.74 	0.76 	0.67 	0.73 	0.70 	0.54 	0.69 	0.70 
A,ICCS0101,P_HTHAB,PT	1.16 	1.37 	0.88 	0.96 	0.64 	0.74 	0.79 	0.71 	0.79 	0.80 
A,ICCS0101,P_HTHAB,RO	1.88 	1.68 	1.49 	1.46 	1.25 	1.30 	1.37 	1.31 	1.32 	0.99 
A,ICCS0101,P_HTHAB,RS	1.44 	1.84 	1.60 	1.35 	1.50 	1.12 	1.49 	1.15 	1.10 	1.06 
A,ICCS0101,P_HTHAB,SE	0.72 	0.91 	0.90 	1.15 	1.08 	1.13 	1.07 	1.09 	1.20 	1.09 
A,ICCS0101,P_HTHAB,SI	0.68 	0.58 	0.82 	0.97 	0.48 	0.92 	0.44 	0.67 	0.52 	0.43 
A,ICCS0101,P_HTHAB,SK	1.39 	1.44 	1.33 	0.89 	1.11 	1.47 	1.23 	1.39 	1.15 	1.01 
A,ICCS0101,P_HTHAB,TR	2.42 	: 	: 	: 	: 	: 	2.43 	2.24 	2.35 	2.35 
A,ICCS0101,P_HTHAB,UKC-L	0.97 	0.92 	0.89 	0.95 	1.16 	1.20 	1.14 	: 	: 	: 
A,ICCS0101,P_HTHAB,UKM	1.19 	1.15 	1.16 	1.10 	1.15 	1.09 	1.10 	: 	: 	: 
A,ICCS0101,P_HTHAB,UKN	1.15 	1.09 	0.93 	1.30 	0.97 	1.29 	1.23 	: 	: 	: 
A,ICCS0101,P_HTHAB,XK	: 	: 	: 	: 	1.64 	1.85 	2.39 	1.28 	1.57 	: 
A,ICCS0102,P_HTHAB,AL	: 	: 	6.25 	4.78 	4.57 	4.48 	3.97 	3.25 	4.01 	3.57 
A,ICCS0102,P_HTHAB,AT	1.30 	1.24 	0.82 	1.12 	1.14 	1.72 	1.48 	1.93 	1.49 	1.35 
A,ICCS0102,P_HTHAB,BA	1.22 	: 	: 	: 	: 	: 	: 	: 	: 	: 
A,ICCS0102,P_HTHAB,BE	7.55 	7.26 	7.59 	7.83 	7.79 	8.55 	9.01 	8.89 	8.72 	8.94 
A,ICCS0102,P_HTHAB,BG	0.61 	0.92 	0.63 	0.46 	1.06 	0.44 	0.65 	0.54 	0.46 	0.40 
A,ICCS0102,P_HTHAB,CH	2.31 	1.89 	1.62 	1.71 	2.25 	2.27 	1.76 	1.88 	2.39 	2.12 
A,ICCS0102,P_HTHAB,CY	1.39 	0.92 	1.17 	1.30 	0.83 	1.17 	0.93 	1.71 	1.80 	1.45 
A,ICCS0102,P_HTHAB,CZ	0.89 	0.87 	0.75 	0.64 	0.67 	0.43 	0.41 	0.58 	0.64 	0.55 
A,ICCS0102,P_HTHAB,DE	1.98 	1.98 	2.01 	1.91 	2.14 	2.09 	2.33 	2.18 	2.13 	1.87 
A,ICCS0102,P_HTHAB,DK	2.54 	2.95 	2.63 	2.49 	3.40 	3.69 	3.62 	2.57 	2.59 	2.28 
A,ICCS0102,P_HTHAB,EE	1.28 	0.76 	1.06 	1.29 	0.84 	1.22 	1.36 	0.83 	0.98 	0.68 
A,ICCS0102,P_HTHAB,EL	1.67 	1.61 	1.42 	1.56 	1.22 	1.39 	1.15 	1.09 	1.20 	1.42 
A,ICCS0102,P_HTHAB,ES	1.63 	1.42 	1.56 	1.54 	1.75 	1.76 	1.78 	1.78 	2.07 	2.18 
A,ICCS0102,P_HTHAB,FI	6.46 	4.86 	6.00 	5.46 	5.67 	6.32 	6.44 	5.96 	6.93 	6.76 
A,ICCS0102,P_HTHAB,FR	2.39 	2.29 	2.54 	3.18 	3.57 	3.68 	3.97 	4.36 	4.90 	5.03 
A,ICCS0102,P_HTHAB,HR	2.36 	2.96 	2.66 	2.49 	2.22 	3.01 	2.19 	2.40 	2.66 	2.55 
A,ICCS0102,P_HTHAB,HU	1.09 	1.06 	1.07 	0.87 	0.99 	0.73 	0.60 	0.56 	0.94 	0.65 
A,ICCS0102,P_HTHAB,IE	0.19 	0.28 	0.33 	0.28 	0.51 	0.27 	0.29 	0.55 	0.38 	0.32 
A,ICCS0102,P_HTHAB,IS	1.88 	1.55 	1.54 	0.30 	1.80 	2.36 	1.43 	0.56 	1.37 	2.17 
A,ICCS0102,P_HTHAB,IT	2.23 	2.05 	2.06 	1.98 	1.78 	1.81 	1.74 	1.70 	1.47 	1.57 
A,ICCS0102,P_HTHAB,LI	0.00 	0.00 	2.69 	0.00 	0.00 	: 	: 	2.61 	: 	10.24 
A,ICCS0102,P_HTHAB,LT	0.60 	0.47 	0.65 	0.72 	0.66 	0.56 	1.10 	0.54 	0.39 	0.21 
A,ICCS0102,P_HTHAB,LU	20.96 	15.46 	15.28 	11.55 	12.49 	12.53 	11.46 	9.61 	15.33 	10.87 
A,ICCS0102,P_HTHAB,LV	0.64 	0.25 	0.20 	0.10 	0.71 	0.92 	1.19 	1.56 	1.05 	1.00 
A,ICCS0102,P_HTHAB,ME	2.58 	6.44 	8.69 	6.43 	5.63 	8.19 	5.95 	6.75 	5.95 	5.80 
A,ICCS0102,P_HTHAB,MK	2.33 	2.52 	3.63 	2.27 	2.80 	2.70 	: 	: 	: 	: 
A,ICCS0102,P_HTHAB,MT	1.44 	0.71 	1.18 	0.23 	0.22 	1.30 	1.26 	1.01 	0.78 	1.55 
A,ICCS0102,P_HTHAB,NL	21.61 	19.43 	: 	: 	: 	: 	: 	: 	: 	: 
A,ICCS0102,P_HTHAB,NO	1.00 	1.13 	1.17 	1.18 	0.79 	0.93 	1.32 	1.28 	1.62 	1.54 
A,ICCS0102,P_HTHAB,PL	0.53 	0.61 	0.55 	0.45 	0.45 	0.58 	0.61 	0.77 	0.87 	0.83 
A,ICCS0102,P_HTHAB,RO	2.94 	2.97 	2.47 	2.43 	2.22 	1.95 	2.28 	1.86 	1.73 	1.56 
A,ICCS0102,P_HTHAB,RS	2.81 	3.08 	2.41 	1.94 	2.15 	1.58 	1.36 	1.97 	1.79 	1.79 
A,ICCS0102,P_HTHAB,SE	8.41 	7.62 	8.21 	8.60 	8.92 	9.09 	8.58 	9.61 	10.51 	9.57 
A,ICCS0102,P_HTHAB,SI	1.46 	1.36 	0.78 	1.26 	1.26 	1.98 	1.79 	0.82 	1.62 	1.04 
A,ICCS0102,P_HTHAB,SK	0.00 	1.44 	1.33 	0.89 	: 	1.47 	: 	: 	: 	: 
A,ICCS0102,P_HTHAB,UKM	7.59 	5.96 	4.93 	5.47 	4.39 	4.52 	5.70 	: 	: 	: 
A,ICCS0102,P_HTHAB,UKN	6.38 	5.58 	6.04 	6.06 	4.20 	5.30 	3.94 	: 	: 	: 
A,ICCS0102,P_HTHAB,XK	: 	: 	: 	: 	8.30 	7.51 	7.73 	6.46 	6.45 	: 
A,ICCS020111,P_HTHAB,AL	: 	: 	4.55 	5.84 	4.08 	4.35 	4.70 	5.52 	5.34 	5.76 
A,ICCS020111,P_HTHAB,AT	47.93 	39.36 	37.97 	40.31 	43.60 	41.32 	42.06 	43.29 	39.87 	40.41 
A,ICCS020111,P_HTHAB,BA	16.10 	: 	: 	: 	: 	: 	: 	: 	: 	: 
A,ICCS020111,P_HTHAB,BE	651.76 	624.87 	629.75 	555.13 	556.84 	552.89 	565.92 	558.87 	481.62 	502.93 
A,ICCS020111,P_HTHAB,BG	32.89 	33.91 	34.96 	34.99 	34.53 	39.58 	35.72 	39.54 	38.22 	39.88 
A,ICCS020111,P_HTHAB,CH	7.50 	7.07 	7.48 	7.48 	6.88 	6.96 	6.90 	7.46 	7.79 	7.52 
A,ICCS020111,P_HTHAB,CY	17.17 	15.24 	15.62 	16.88 	17.09 	16.85 	15.27 	20.09 	15.32 	19.98 
A,ICCS020111,P_HTHAB,CZ	49.88 	51.14 	49.46 	49.62 	47.85 	45.06 	46.81 	43.98 	36.39 	34.58 
A,ICCS020111,P_HTHAB,DE	169.40 	158.80 	155.70 	156.90 	170.41 	166.09 	165.14 	160.31 	156.86 	147.12 
A,ICCS020111,P_HTHAB,DK	29.69 	26.83 	27.24 	25.80 	30.36 	33.12 	32.12 	33.90 	32.13 	32.26 
A,ICCS020111,P_HTHAB,EE	7.47 	7.50 	5.85 	7.45 	7.07 	5.78 	6.82 	5.89 	5.79 	5.56 
A,ICCS020111,P_HTHAB,EL	15.26 	14.63 	13.35 	14.96 	14.05 	14.02 	14.77 	14.97 	11.99 	11.11 
A,ICCS020111,P_HTHAB,ES	37.06 	35.74 	36.07 	62.55 	37.32 	38.87 	39.20 	42.73 	33.81 	42.73 
A,ICCS020111,P_HTHAB,FI	34.36 	33.00 	30.18 	28.56 	29.01 	28.73 	29.18 	28.71 	31.74 	30.05 
A,ICCS020111,P_HTHAB,FR	355.00 	355.64 	360.80 	364.25 	399.97 	415.49 	447.15 	479.29 	470.34 	522.86 
A,ICCS020111,P_HTHAB,HR	21.12 	19.31 	18.04 	19.03 	18.85 	19.21 	17.85 	18.06 	18.31 	18.01 
A,ICCS020111,P_HTHAB,HU	140.69 	135.00 	136.42 	126.55 	: 	: 	: 	: 	: 	: 
A,ICCS020111,P_HTHAB,IE	70.11 	66.89 	68.20 	75.17 	76.97 	85.72 	94.11 	102.79 	85.59 	96.24 
A,ICCS020111,P_HTHAB,IS	23.16 	28.58 	31.01 	25.83 	22.25 	30.44 	35.01 	27.17 	36.25 	32.54 
A,ICCS020111,P_HTHAB,IT	117.06 	111.11 	110.24 	107.03 	105.72 	108.77 	109.72 	110.16 	91.45 	100.72 
A,ICCS020111,P_HTHAB,LI	189.17 	279.60 	323.20 	216.77 	188.72 	219.52 	207.27 	198.03 	221.95 	153.63 
A,ICCS020111,P_HTHAB,LT	5.93 	7.10 	6.93 	7.33 	7.48 	6.25 	6.59 	5.44 	5.37 	4.51 
A,ICCS020111,P_HTHAB,LU	128.99 	132.76 	132.44 	108.00 	98.74 	99.04 	101.49 	103.76 	77.62 	86.34 
A,ICCS020111,P_HTHAB,LV	64.80 	22.63 	28.43 	26.89 	33.37 	33.69 	33.40 	33.28 	31.24 	29.00 
A,ICCS020111,P_HTHAB,ME	27.08 	27.86 	20.76 	22.50 	20.57 	23.62 	24.58 	18.48 	20.74 	19.01 
A,ICCS020111,P_HTHAB,MK	10.24 	10.47 	10.31 	7.44 	8.35 	7.14 	: 	: 	: 	: 
A,ICCS020111,P_HTHAB,MT	41.67 	51.74 	37.61 	42.62 	44.40 	40.41 	38.47 	40.52 	35.56 	33.13 
A,ICCS020111,P_HTHAB,NL	37.09 	33.25 	31.73 	30.18 	29.57 	28.01 	26.66 	28.01 	29.96 	26.15 
A,ICCS020111,P_HTHAB,NO	55.78 	50.80 	46.54 	43.34 	42.20 	40.16 	37.16 	39.96 	33.27 	29.14 
A,ICCS020111,P_HTHAB,PL	25.54 	23.96 	21.70 	18.31 	20.07 	19.23 	17.41 	16.89 	14.17 	12.72 
A,ICCS020111,P_HTHAB,PT	6.65 	5.53 	5.20 	4.52 	5.04 	5.66 	5.63 	6.43 	5.59 	6.11 
A,ICCS020111,P_HTHAB,RO	85.68 	87.77 	11.43 	1.50 	1.54 	1.38 	1.29 	1.46 	1.18 	0.95 
A,ICCS020111,P_HTHAB,RS	18.33 	24.37 	21.07 	19.99 	18.92 	18.25 	98.61 	89.26 	83.68 	76.58 
A,ICCS020111,P_HTHAB,SE	56.29 	48.76 	47.38 	47.66 	50.34 	46.87 	46.53 	52.04 	51.22 	46.37 
A,ICCS020111,P_HTHAB,SI	98.85 	89.81 	80.39 	74.65 	72.23 	67.67 	74.99 	75.30 	68.85 	56.14 
A,ICCS020111,P_HTHAB,SK	40.39 	37.28 	36.71 	34.35 	30.08 	29.79 	29.34 	28.02 	23.29 	20.72 
A,ICCS020111,P_HTHAB,TR	351.06 	: 	: 	: 	: 	: 	: 	: 	: 	: 
A,ICCS020111,P_HTHAB,UKC-L	551.63 	566.50 	653.16 	746.93 	802.85 	875.94 	927.84 	: 	: 	: 
A,ICCS020111,P_HTHAB,UKM	68.65 	55.47 	54.39 	69.34 	73.47 	72.84 	74.47 	: 	: 	: 
A,ICCS020111,P_HTHAB,UKN	70.26 	59.84 	63.79 	65.29 	59.78 	56.41 	56.66 	: 	: 	: 
A,ICCS020111,P_HTHAB,XK	: 	: 	: 	: 	20.49 	18.56 	16.90 	15.31 	15.37 	: 
A,ICCS020221,P_HTHAB,AL	: 	: 	0.07 	0.27 	0.13 	0.07 	0.17 	0.14 	0.18 	0.14 
A,ICCS020221,P_HTHAB,AT	0.13 	0.05 	0.01 	0.03 	0.02 	0.03 	0.06 	0.07 	0.03 	0.03 
A,ICCS020221,P_HTHAB,BA	0.05 	: 	: 	: 	: 	: 	: 	: 	: 	: 
A,ICCS020221,P_HTHAB,BE	10.68 	10.42 	10.29 	10.42 	10.62 	10.31 	: 	: 	: 	: 
A,ICCS020221,P_HTHAB,BG	1.02 	1.19 	1.31 	1.03 	0.98 	1.44 	0.89 	1.03 	1.17 	1.00 
A,ICCS020221,P_HTHAB,CH	0.06 	0.04 	0.01 	0.05 	0.04 	0.04 	0.09 	0.06 	0.07 	0.06 
A,ICCS020221,P_HTHAB,CY	0.58 	0.46 	0.93 	0.00 	0.12 	1.05 	0.46 	0.91 	0.23 	0.33 
A,ICCS020221,P_HTHAB,CZ	0.16 	0.19 	0.14 	0.11 	0.17 	0.16 	0.12 	0.11 	0.10 	0.08 
A,ICCS020221,P_HTHAB,DE	6.45 	6.12 	6.18 	5.87 	5.79 	5.60 	5.51 	5.44 	5.49 	6.09 
A,ICCS020221,P_HTHAB,EE	0.00 	0.08 	0.00 	0.00 	0.00 	0.00 	0.00 	0.00 	0.00 	0.00 
A,ICCS020221,P_HTHAB,EL	1.25 	0.86 	0.53 	0.82 	0.57 	0.72 	0.69 	0.67 	0.68 	0.58 
A,ICCS020221,P_HTHAB,ES	0.25 	0.26 	0.21 	0.20 	0.20 	0.15 	0.17 	0.19 	0.16 	0.20 
A,ICCS020221,P_HTHAB,FI	0.02 	0.02 	0.02 	0.02 	0.05 	0.04 	0.07 	0.02 	0.05 	0.04 
A,ICCS020221,P_HTHAB,FR	3.24 	3.45 	4.48 	5.74 	5.72 	: 	: 	: 	: 	: 
A,ICCS020221,P_HTHAB,HR	0.14 	0.02 	0.02 	0.00 	0.02 	0.00 	0.00 	0.02 	0.02 	0.07 
A,ICCS020221,P_HTHAB,HU	0.09 	0.07 	0.03 	0.11 	0.05 	0.03 	0.03 	0.05 	0.11 	0.04 
A,ICCS020221,P_HTHAB,IE	1.41 	1.74 	1.30 	1.97 	1.57 	1.65 	1.76 	1.77 	2.14 	2.00 
A,ICCS020221,P_HTHAB,IT	0.57 	0.54 	0.49 	0.47 	0.32 	0.33 	0.31 	0.21 	0.20 	0.20 
A,ICCS020221,P_HTHAB,LI	0.00 	0.00 	0.00 	0.00 	0.00 	: 	: 	0.00 	0.00 	0.00 
A,ICCS020221,P_HTHAB,LT	2.16 	1.55 	0.00 	0.00 	0.00 	0.00 	0.00 	0.00 	0.04 	0.04 
A,ICCS020221,P_HTHAB,LU	10.86 	8.94 	9.46 	9.41 	8.68 	7.79 	5.98 	7.17 	6.71 	5.83 
A,ICCS020221,P_HTHAB,LV	0.05 	0.89 	0.85 	0.86 	0.41 	0.21 	0.52 	0.68 	0.63 	0.32 
A,ICCS020221,P_HTHAB,ME	0.00 	0.16 	0.00 	0.00 	0.32 	0.00 	0.00 	0.32 	: 	0.32 
A,ICCS020221,P_HTHAB,MK	0.92 	0.87 	0.39 	0.53 	0.48 	0.34 	: 	: 	: 	: 
A,ICCS020221,P_HTHAB,MT	0.00 	0.00 	0.00 	0.00 	0.00 	0.00 	0.00 	0.00 	0.00 	0.00 
A,ICCS020221,P_HTHAB,NL	3.59 	3.13 	2.47 	2.57 	2.47 	2.34 	2.47 	2.95 	2.99 	2.60 
A,ICCS020221,P_HTHAB,PL	0.83 	1.17 	0.77 	0.65 	: 	: 	: 	: 	: 	: 
A,ICCS020221,P_HTHAB,PT	3.97 	4.12 	3.61 	3.56 	2.86 	2.83 	2.65 	3.29 	2.47 	2.22 
A,ICCS020221,P_HTHAB,RO	1.95 	1.55 	1.45 	1.48 	1.75 	1.58 	1.56 	2.01 	1.70 	1.97 
A,ICCS020221,P_HTHAB,RS	0.15 	0.13 	0.17 	0.20 	0.11 	0.16 	0.20 	0.11 	0.06 	0.19 
A,ICCS020221,P_HTHAB,SI	0.19 	0.19 	0.24 	0.15 	0.15 	0.05 	0.29 	0.53 	0.14 	0.19 
A,ICCS020221,P_HTHAB,SK	0.13 	1.44 	1.53 	1.57 	1.88 	1.64 	1.69 	1.71 	0.95 	1.01 
A,ICCS020221,P_HTHAB,TR	17.97 	: 	: 	: 	: 	: 	: 	: 	: 	: 
A,ICCS020221,P_HTHAB,UKC-L	2.46 	3.04 	3.83 	5.24 	6.62 	7.73 	8.86 	: 	: 	: 
A,ICCS020221,P_HTHAB,UKM	4.28 	4.76 	4.38 	4.26 	4.28 	4.30 	4.93 	: 	: 	: 
A,ICCS020221,P_HTHAB,UKN	2.47 	3.23 	2.39 	3.52 	4.36 	3.59 	4.37 	: 	: 	: 
A,ICCS020221,P_HTHAB,XK	: 	: 	: 	: 	1.24 	0.90 	0.89 	1.17 	0.84 	: 
A,ICCS0301,P_HTHAB,AL	: 	: 	3.35 	5.16 	4.17 	3.93 	3.80 	5.38 	5.09 	4.77 
A,ICCS0301,P_HTHAB,AT	48.05 	44.72 	41.90 	40.57 	50.53 	48.48 	50.16 	50.90 	46.52 	48.74 
A,ICCS0301,P_HTHAB,BE	96.77 	102.13 	61.69 	61.30 	69.24 	76.06 	76.65 	81.60 	78.51 	84.37 
A,ICCS0301,P_HTHAB,BG	9.36 	8.68 	8.42 	8.37 	7.74 	9.19 	8.16 	8.64 	8.17 	7.91 
A,ICCS0301,P_HTHAB,CH	32.44 	33.54 	33.75 	32.90 	32.93 	44.60 	33.51 	32.00 	33.80 	35.18 
A,ICCS0301,P_HTHAB,CY	3.83 	2.77 	2.21 	2.48 	2.83 	2.34 	3.36 	1.94 	3.38 	7.03 
A,ICCS0301,P_HTHAB,CZ	13.42 	13.47 	13.62 	13.49 	13.20 	13.37 	13.65 	14.65 	13.59 	14.89 
A,ICCS0301,P_HTHAB,DE	45.16 	43.88 	43.28 	42.20 	45.23 	42.19 	49.02 	49.05 	49.39 	50.26 
A,ICCS0301,P_HTHAB,DK	34.12 	32.90 	42.08 	46.13 	66.46 	83.41 	95.83 	84.31 	92.22 	108.61 
A,ICCS0301,P_HTHAB,EE	18.71 	18.18 	15.12 	21.60 	20.59 	19.69 	22.44 	26.80 	23.33 	29.55 
A,ICCS0301,P_HTHAB,EL	4.38 	4.25 	4.26 	5.10 	4.57 	4.21 	3.94 	2.83 	1.79 	3.00 
A,ICCS0301,P_HTHAB,ES	19.24 	19.10 	20.36 	16.14 	18.79 	20.34 	24.89 	27.76 	23.48 	31.47 
A,ICCS0301,P_HTHAB,FI	59.87 	55.06 	51.82 	50.66 	58.10 	55.49 	64.16 	72.65 	73.52 	90.64 
A,ICCS0301,P_HTHAB,FR	41.03 	42.34 	46.95 	50.06 	53.22 	59.41 	70.83 	80.85 	83.74 	109.71 
A,ICCS0301,P_HTHAB,HR	8.02 	13.51 	14.22 	14.32 	17.11 	11.92 	14.35 	21.05 	14.69 	22.07 
A,ICCS0301,P_HTHAB,HU	6.99 	60.29 	7.83 	17.11 	6.10 	6.00 	5.53 	3.94 	5.16 	4.86 
A,ICCS0301,P_HTHAB,IE	40.04 	38.73 	40.19 	49.30 	53.85 	52.90 	58.09 	58.05 	52.01 	58.35 
A,ICCS0301,P_HTHAB,IS	: 	227.12 	128.66 	134.31 	149.76 	140.68 	158.13 	184.32 	142.80 	177.06 
A,ICCS0301,P_HTHAB,IT	: 	7.52 	7.82 	7.42 	7.44 	8.44 	8.90 	9.03 	8.25 	9.73 
A,ICCS0301,P_HTHAB,LI	: 	16.29 	21.55 	24.09 	23.92 	21.16 	23.61 	15.63 	28.39 	15.36 
A,ICCS0301,P_HTHAB,LT	14.68 	8.58 	10.77 	9.00 	7.20 	7.94 	7.80 	6.80 	4.51 	5.26 
A,ICCS0301,P_HTHAB,LU	75.83 	66.48 	65.31 	58.26 	45.64 	39.45 	37.71 	48.22 	46.16 	54.83 
A,ICCS0301,P_HTHAB,LV	: 	22.33 	27.63 	23.46 	11.17 	13.44 	15.25 	15.78 	16.20 	17.69 
A,ICCS0301,P_HTHAB,ME	3.87 	4.03 	4.99 	4.18 	3.54 	3.70 	3.70 	5.95 	4.34 	5.80 
A,ICCS0301,P_HTHAB,MK	: 	7.32 	6.54 	5.80 	5.50 	4.92 	: 	: 	: 	: 
A,ICCS0301,P_HTHAB,MT	19.64 	22.31 	18.10 	24.22 	19.54 	16.95 	19.55 	24.11 	17.30 	26.74 
A,ICCS0301,P_HTHAB,NL	29.08 	26.34 	25.49 	24.61 	27.89 	28.13 	30.00 	24.88 	23.04 	26.12 
A,ICCS0301,P_HTHAB,NO	71.72 	69.80 	73.34 	84.37 	106.70 	107.16 	109.45 	95.06 	94.27 	107.12 
A,ICCS0301,P_HTHAB,PL	: 	8.03 	7.71 	7.25 	8.31 	8.48 	8.76 	9.38 	7.74 	8.49 
A,ICCS0301,P_HTHAB,PT	20.24 	20.37 	22.35 	23.57 	23.91 	24.62 	23.93 	26.28 	23.64 	26.40 
A,ICCS0301,P_HTHAB,RO	7.67 	8.67 	7.60 	8.76 	9.05 	7.78 	8.97 	9.85 	9.90 	12.21 
A,ICCS0301,P_HTHAB,RS	5.47 	3.65 	4.03 	3.53 	4.00 	4.45 	6.58 	8.03 	7.02 	9.63 
A,ICCS0301,P_HTHAB,SE	170.56 	155.83 	175.33 	156.32 	179.48 	188.83 	190.43 	195.11 	204.73 	217.72 
A,ICCS0301,P_HTHAB,SI	17.85 	18.36 	14.36 	12.51 	17.25 	20.67 	17.51 	22.54 	17.99 	21.20 
A,ICCS0301,P_HTHAB,SK	: 	11.92 	12.61 	11.90 	12.09 	12.97 	12.25 	12.81 	11.38 	10.82 
A,ICCS0301,P_HTHAB,UKC-L	69.06 	82.57 	137.79 	184.81 	210.19 	258.05 	274.81 	: 	: 	: 
A,ICCS0301,P_HTHAB,UKM	126.91 	152.52 	160.26 	173.76 	186.92 	214.75 	233.68 	: 	: 	: 
A,ICCS0301,P_HTHAB,UKN	102.20 	117.87 	140.53 	157.62 	171.35 	179.79 	193.02 	: 	: 	: 
A,ICCS0301,P_HTHAB,XK	: 	: 	: 	: 	5.59 	24.73 	20.18 	8.52 	: 	: 
A,ICCS03011,P_HTHAB,AL	: 	: 	1.41 	2.46 	1.53 	1.49 	1.46 	2.69 	2.28 	2.30 
A,ICCS03011,P_HTHAB,AT	14.94 	15.32 	13.68 	13.18 	14.17 	17.01 	18.88 	18.92 	18.92 	20.61 
A,ICCS03011,P_HTHAB,BA	1.07 	: 	: 	: 	: 	: 	: 	: 	: 	: 
A,ICCS03011,P_HTHAB,BE	30.69 	29.97 	28.51 	28.75 	30.44 	32.83 	33.93 	35.61 	32.44 	35.07 
A,ICCS03011,P_HTHAB,BG	2.55 	2.25 	2.04 	1.65 	1.78 	2.00 	1.60 	1.87 	1.57 	1.16 
A,ICCS03011,P_HTHAB,CH	7.15 	7.10 	6.83 	6.46 	7.06 	7.35 	7.38 	7.95 	8.28 	8.73 
A,ICCS03011,P_HTHAB,CY	3.60 	2.66 	1.98 	2.48 	2.59 	2.22 	3.24 	1.83 	3.15 	6.14 
A,ICCS03011,P_HTHAB,CZ	6.37 	5.60 	6.36 	5.67 	6.15 	5.65 	6.14 	6.41 	5.98 	7.22 
A,ICCS03011,P_HTHAB,DE	10.00 	9.20 	9.09 	8.65 	9.64 	10.07 	10.91 	11.53 	12.17 	12.52 
A,ICCS03011,P_HTHAB,DK	15.57 	14.98 	14.87 	18.57 	29.42 	31.36 	38.35 	35.33 	37.35 	45.51 
A,ICCS03011,P_HTHAB,EE	10.79 	10.23 	11.17 	12.24 	11.55 	11.40 	16.07 	15.32 	11.44 	13.98 
A,ICCS03011,P_HTHAB,EL	1.51 	1.35 	1.23 	1.12 	1.44 	1.45 	1.46 	1.70 	1.60 	2.43 
A,ICCS03011,P_HTHAB,ES	2.73 	2.78 	2.66 	2.65 	2.69 	2.98 	3.64 	3.99 	3.37 	4.52 
A,ICCS03011,P_HTHAB,FI	18.68 	17.97 	18.51 	19.06 	21.14 	22.62 	25.27 	27.38 	27.47 	35.65 
A,ICCS03011,P_HTHAB,FR	16.68 	17.03 	18.44 	19.28 	22.52 	24.35 	28.58 	34.05 	37.95 	50.13 
A,ICCS03011,P_HTHAB,HR	2.95 	6.43 	7.89 	6.11 	7.59 	5.92 	7.23 	11.58 	7.44 	11.17 
A,ICCS03011,P_HTHAB,HU	1.93 	2.50 	3.22 	3.86 	6.08 	6.00 	5.53 	3.90 	5.16 	4.86 
A,ICCS03011,P_HTHAB,IE	9.97 	8.52 	10.35 	14.24 	14.73 	17.54 	21.32 	21.72 	20.69 	21.25 
A,ICCS03011,P_HTHAB,IS	38.18 	55.93 	39.61 	54.09 	55.63 	62.95 	75.48 	60.23 	43.39 	57.21 
A,ICCS03011,P_HTHAB,LI	10.97 	8.14 	13.47 	5.35 	5.32 	13.22 	13.12 	2.61 	7.74 	5.12 
A,ICCS03011,P_HTHAB,LT	5.93 	4.48 	5.37 	5.31 	3.81 	4.35 	4.13 	3.36 	2.58 	2.43 
A,ICCS03011,P_HTHAB,LU	14.48 	16.57 	13.28 	12.08 	18.39 	14.22 	12.62 	18.90 	16.61 	17.33 
A,ICCS03011,P_HTHAB,LV	3.13 	3.61 	3.75 	3.02 	7.21 	8.26 	9.10 	8.91 	10.59 	9.09 
A,ICCS03011,P_HTHAB,ME	0.48 	0.64 	0.80 	0.80 	0.32 	1.61 	1.29 	0.64 	1.45 	1.29 
A,ICCS03011,P_HTHAB,MK	2.09 	1.84 	2.18 	1.98 	1.74 	1.69 	: 	: 	: 	: 
A,ICCS03011,P_HTHAB,MT	3.11 	3.56 	2.59 	5.36 	5.99 	4.13 	3.78 	6.28 	3.30 	6.20 
A,ICCS03011,P_HTHAB,NL	8.64 	7.42 	7.25 	7.48 	9.04 	10.30 	11.29 	11.89 	11.81 	13.39 
A,ICCS03011,P_HTHAB,NO	33.01 	31.56 	31.91 	36.85 	42.89 	43.89 	48.42 	41.23 	41.62 	45.83 
A,ICCS03011,P_HTHAB,PL	3.76 	2.07 	2.09 	1.73 	2.08 	1.89 	1.99 	1.87 	1.50 	1.54 
A,ICCS03011,P_HTHAB,PT	3.56 	3.29 	3.59 	3.61 	3.24 	3.96 	4.09 	4.19 	3.06 	3.86 
A,ICCS03011,P_HTHAB,RO	4.45 	4.89 	4.39 	5.11 	4.76 	7.05 	7.49 	8.04 	8.25 	10.16 
A,ICCS03011,P_HTHAB,RS	1.18 	1.95 	1.86 	1.60 	1.48 	1.58 	1.76 	1.67 	1.34 	1.67 
A,ICCS03011,P_HTHAB,SE	62.73 	58.96 	65.26 	56.88 	64.06 	69.72 	74.85 	80.85 	86.02 	89.74 
A,ICCS03011,P_HTHAB,SI	2.82 	2.57 	2.13 	2.04 	1.60 	2.03 	2.03 	1.78 	2.19 	2.61 
A,ICCS03011,P_HTHAB,SK	1.63 	1.68 	1.59 	1.60 	1.51 	1.77 	1.82 	1.78 	1.69 	1.69 
A,ICCS03011,P_HTHAB,UKC-L	29.05 	36.56 	51.40 	62.28 	71.59 	92.29 	99.48 	: 	: 	: 
A,ICCS03011,P_HTHAB,UKM	25.86 	31.77 	33.67 	31.59 	32.64 	39.45 	42.17 	: 	: 	: 
A,ICCS03011,P_HTHAB,UKN	27.65 	29.73 	37.39 	40.79 	44.60 	51.00 	58.10 	: 	: 	: 
A,ICCS03011,P_HTHAB,XK	: 	: 	: 	: 	1.58 	1.63 	1.78 	2.78 	3.37 	: 
A,ICCS03012,P_HTHAB,AL	: 	: 	1.93 	2.70 	2.64 	2.43 	2.33 	2.69 	2.81 	2.47 
A,ICCS03012,P_HTHAB,AT	33.11 	25.47 	24.91 	23.43 	32.46 	27.55 	27.48 	26.64 	23.99 	24.73 
A,ICCS03012,P_HTHAB,BE	66.08 	34.16 	33.17 	32.54 	38.80 	43.23 	42.72 	46.00 	46.07 	49.30 
A,ICCS03012,P_HTHAB,BG	6.81 	6.42 	6.38 	6.72 	: 	: 	6.55 	6.77 	6.60 	6.75 
A,ICCS03012,P_HTHAB,CH	25.29 	26.43 	26.92 	26.44 	25.87 	37.25 	7.84 	7.33 	7.94 	8.30 
A,ICCS03012,P_HTHAB,CY	0.23 	0.12 	0.23 	0.00 	0.24 	0.12 	0.12 	0.11 	0.23 	0.89 
A,ICCS03012,P_HTHAB,CZ	7.05 	7.86 	7.23 	7.79 	6.91 	7.59 	7.40 	8.12 	7.40 	7.48 
A,ICCS03012,P_HTHAB,DE	35.16 	34.68 	34.19 	33.55 	35.59 	32.12 	38.11 	37.52 	37.22 	37.74 
A,ICCS03012,P_HTHAB,DK	18.55 	17.92 	27.21 	27.56 	37.04 	52.05 	57.48 	48.98 	54.87 	63.10 
A,ICCS03012,P_HTHAB,EE	7.92 	7.95 	3.95 	9.35 	9.04 	8.28 	6.37 	11.47 	11.89 	10.07 
A,ICCS03012,P_HTHAB,EL	1.83 	1.70 	1.75 	2.39 	2.44 	2.08 	1.69 	0.65 	0.11 	0.11 
A,ICCS03012,P_HTHAB,ES	16.51 	16.32 	17.69 	13.49 	16.10 	17.36 	21.24 	23.77 	20.10 	26.95 
A,ICCS03012,P_HTHAB,FI	41.19 	37.09 	33.31 	31.60 	36.96 	32.87 	38.89 	45.27 	46.04 	54.99 
A,ICCS03012,P_HTHAB,FR	24.35 	25.32 	28.51 	30.78 	31.70 	35.05 	42.25 	46.80 	45.79 	59.58 
A,ICCS03012,P_HTHAB,HR	5.07 	7.09 	6.33 	8.21 	8.54 	5.54 	5.94 	8.61 	6.53 	9.74 
A,ICCS03012,P_HTHAB,HU	5.05 	4.35 	2.30 	2.45 	: 	: 	: 	: 	: 	: 
A,ICCS03012,P_HTHAB,IE	30.06 	30.21 	29.84 	30.02 	32.44 	35.37 	36.77 	36.34 	31.32 	37.09 
A,ICCS03012,P_HTHAB,IS	: 	17.40 	12.59 	13.67 	13.53 	20.39 	11.48 	19.89 	13.18 	15.46 
A,ICCS03012,P_HTHAB,IT	7.89 	7.52 	7.00 	6.58 	: 	: 	: 	: 	: 	: 
A,ICCS03012,P_HTHAB,LI	: 	105.87 	37.71 	42.82 	18.61 	: 	: 	: 	: 	: 
A,ICCS03012,P_HTHAB,LT	8.76 	4.11 	5.40 	3.70 	3.39 	3.58 	3.67 	3.44 	1.93 	2.83 
A,ICCS03012,P_HTHAB,LU	61.35 	58.84 	65.86 	51.16 	: 	: 	: 	: 	: 	: 
A,ICCS03012,P_HTHAB,LV	: 	15.02 	18.44 	12.24 	4.22 	5.74 	6.88 	7.08 	6.03 	9.14 
A,ICCS03012,P_HTHAB,ME	3.39 	3.06 	4.18 	3.38 	2.57 	1.12 	2.09 	4.50 	2.25 	3.87 
A,ICCS03012,P_HTHAB,MK	: 	5.48 	: 	: 	: 	: 	: 	: 	: 	: 
A,ICCS03012,P_HTHAB,MT	16.53 	18.75 	15.52 	18.87 	13.54 	12.82 	15.77 	17.83 	13.99 	20.54 
A,ICCS03012,P_HTHAB,NL	12.37 	11.62 	10.78 	10.12 	13.05 	12.88 	13.82 	12.99 	11.23 	12.73 
A,ICCS03012,P_HTHAB,NO	31.78 	32.29 	35.38 	40.99 	56.13 	55.09 	51.63 	46.75 	44.51 	51.92 
A,ICCS03012,P_HTHAB,PL	: 	1.14 	1.01 	1.11 	1.35 	1.20 	1.10 	1.52 	0.95 	0.93 
A,ICCS03012,P_HTHAB,PT	16.69 	17.08 	18.77 	19.95 	20.67 	20.66 	19.84 	22.09 	20.58 	22.55 
A,ICCS03012,P_HTHAB,RO	3.21 	3.72 	3.21 	0.40 	0.50 	0.73 	1.47 	1.81 	1.65 	2.06 
A,ICCS03012,P_HTHAB,RS	4.30 	1.68 	2.17 	1.88 	2.52 	2.87 	4.83 	6.36 	5.67 	7.96 
A,ICCS03012,P_HTHAB,SE	107.83 	92.86 	105.89 	95.61 	111.32 	115.11 	111.57 	108.91 	112.00 	121.74 
A,ICCS03012,P_HTHAB,SI	15.03 	2.38 	2.33 	1.45 	2.08 	2.08 	1.60 	1.97 	2.05 	2.04 
A,ICCS03012,P_HTHAB,SK	: 	1.26 	1.00 	1.38 	1.09 	1.60 	1.40 	1.43 	1.08 	1.32 
A,ICCS03012,P_HTHAB,TR	: 	: 	: 	: 	7.02 	7.92 	9.31 	10.35 	9.33 	10.80 
A,ICCS03012,P_HTHAB,UKC-L	40.01 	46.01 	61.07 	71.82 	79.39 	95.29 	100.17 	: 	: 	: 
A,ICCS03012,P_HTHAB,UKM	101.05 	66.22 	71.78 	76.17 	81.91 	91.33 	96.67 	: 	: 	: 
A,ICCS03012,P_HTHAB,UKN	74.55 	54.03 	62.86 	70.52 	73.50 	75.80 	77.99 	: 	: 	: 
A,ICCS03012,P_HTHAB,XK	: 	: 	: 	: 	3.16 	2.80 	2.56 	3.40 	3.14 	: 
A,ICCS0302,P_HTHAB,AL	: 	: 	: 	: 	3.65 	4.21 	3.34 	3.35 	3.37 	6.47 
A,ICCS0302,P_HTHAB,AT	: 	: 	: 	: 	9.60 	10.57 	15.39 	20.98 	21.54 	23.68 
A,ICCS0302,P_HTHAB,BE	: 	: 	: 	: 	22.19 	25.12 	25.98 	32.41 	28.75 	24.35 
A,ICCS0302,P_HTHAB,CH	: 	: 	: 	: 	3.39 	8.93 	10.34 	17.38 	19.39 	18.11 
A,ICCS0302,P_HTHAB,CY	: 	: 	: 	: 	9.43 	11.70 	14.58 	12.10 	18.47 	19.87 
A,ICCS0302,P_HTHAB,CZ	: 	: 	: 	: 	3.75 	5.19 	6.44 	7.18 	6.23 	6.63 
A,ICCS0302,P_HTHAB,DE	: 	: 	: 	: 	: 	10.96 	12.54 	19.30 	27.84 	53.78 
A,ICCS0302,P_HTHAB,DK	: 	: 	: 	: 	10.46 	35.47 	29.08 	27.57 	32.65 	36.39 
A,ICCS0302,P_HTHAB,EL	: 	: 	: 	: 	2.56 	1.71 	1.62 	0.95 	0.97 	1.07 
A,ICCS0302,P_HTHAB,ES	: 	: 	: 	: 	3.91 	4.22 	4.12 	4.35 	3.90 	3.94 
A,ICCS0302,P_HTHAB,FI	: 	: 	: 	: 	5.14 	5.89 	6.67 	8.70 	15.82 	13.82 
A,ICCS0302,P_HTHAB,FR	: 	: 	: 	: 	11.47 	13.42 	13.99 	15.83 	16.96 	18.38 
A,ICCS0302,P_HTHAB,HR	: 	: 	: 	: 	10.88 	8.95 	6.70 	9.84 	8.87 	12.36 
A,ICCS0302,P_HTHAB,HU	: 	: 	: 	: 	5.32 	16.68 	4.87 	3.44 	3.80 	5.10 
A,ICCS0302,P_HTHAB,IE	: 	: 	: 	: 	6.69 	7.59 	8.76 	10.48 	9.23 	10.23 
A,ICCS0302,P_HTHAB,IT	: 	: 	: 	: 	3.83 	3.79 	3.61 	3.88 	4.22 	4.33 
A,ICCS0302,P_HTHAB,LT	: 	: 	: 	: 	9.38 	11.69 	14.85 	14.96 	17.25 	12.52 
A,ICCS0302,P_HTHAB,LV	: 	: 	: 	: 	16.91 	9.59 	10.03 	12.76 	11.74 	15.42 
A,ICCS0302,P_HTHAB,NL	: 	: 	: 	: 	2.68 	2.52 	2.68 	3.30 	2.61 	2.60 
A,ICCS0302,P_HTHAB,NO	: 	: 	: 	: 	10.96 	21.03 	27.78 	19.59 	23.46 	32.35 
A,ICCS0302,P_HTHAB,PL	: 	: 	: 	: 	8.09 	8.67 	12.33 	38.74 	17.23 	15.01 
A,ICCS0302,P_HTHAB,PT	: 	: 	: 	: 	: 	: 	1.54 	2.54 	4.85 	4.59 
A,ICCS0302,P_HTHAB,RO	: 	: 	: 	: 	: 	2.71 	2.79 	3.66 	4.54 	5.00 
A,ICCS0302,P_HTHAB,RS	: 	: 	: 	: 	1.05 	0.95 	1.00 	1.31 	1.54 	2.84 
A,ICCS0302,P_HTHAB,SE	: 	: 	: 	: 	17.84 	30.90 	22.65 	32.39 	47.97 	59.75 
A,ICCS0302,P_HTHAB,SK	: 	: 	: 	: 	0.37 	0.50 	0.50 	0.31 	0.40 	0.31 
A,ICCS0302,P_HTHAB,XK	: 	: 	: 	: 	19.30 	19.62 	15.40 	2.23 	: 	: 
A,ICCS0401,P_HTHAB,AL	: 	: 	10.25 	8.11 	5.53 	6.36 	4.63 	3.42 	2.88 	2.83 
A,ICCS0401,P_HTHAB,AT	48.67 	44.22 	40.92 	39.79 	35.66 	29.75 	27.16 	29.67 	24.01 	23.71 
A,ICCS0401,P_HTHAB,BA	26.31 	: 	: 	: 	: 	: 	: 	: 	: 	: 
A,ICCS0401,P_HTHAB,BE	230.81 	204.98 	196.12 	180.45 	165.13 	155.44 	144.61 	140.47 	102.65 	99.05 
A,ICCS0401,P_HTHAB,BG	40.33 	40.87 	32.10 	27.02 	23.29 	21.94 	17.94 	16.90 	14.41 	12.14 
A,ICCS0401,P_HTHAB,CH	45.29 	39.76 	29.08 	22.57 	22.53 	20.74 	19.38 	21.91 	22.65 	20.02 
A,ICCS0401,P_HTHAB,CY	20.07 	17.21 	12.12 	9.21 	10.96 	12.05 	8.45 	6.28 	8.78 	7.59 
A,ICCS0401,P_HTHAB,CZ	32.52 	29.01 	24.23 	19.19 	15.60 	14.98 	13.25 	13.51 	11.67 	11.49 
A,ICCS0401,P_HTHAB,DE	60.64 	58.66 	56.30 	55.01 	52.34 	47.08 	44.40 	43.43 	40.73 	36.23 
A,ICCS0401,P_HTHAB,DK	53.81 	57.12 	41.26 	35.94 	38.28 	35.52 	31.46 	29.25 	28.08 	22.04 
A,ICCS0401,P_HTHAB,EE	34.48 	36.06 	27.36 	25.63 	18.85 	15.28 	12.89 	11.47 	8.50 	9.70 
A,ICCS0401,P_HTHAB,EL	54.05 	44.70 	34.78 	39.75 	43.94 	39.66 	40.57 	40.42 	23.71 	22.50 
A,ICCS0401,P_HTHAB,ES	206.34 	184.12 	152.34 	139.03 	135.56 	132.74 	129.23 	140.35 	95.63 	111.97 
A,ICCS0401,P_HTHAB,FI	29.91 	28.07 	30.95 	28.29 	30.43 	29.80 	30.84 	32.71 	36.11 	34.19 
A,ICCS0401,P_HTHAB,FR	189.67 	190.02 	173.02 	156.59 	130.73 	121.17 	109.31 	105.54 	86.45 	82.96 
A,ICCS0401,P_HTHAB,HR	37.14 	35.73 	29.86 	31.03 	25.49 	20.80 	18.97 	20.56 	15.57 	14.96 
A,ICCS0401,P_HTHAB,HU	30.57 	23.19 	19.78 	14.61 	11.23 	8.58 	7.12 	6.48 	6.22 	5.56 
A,ICCS0401,P_HTHAB,IE	61.33 	60.88 	57.14 	51.82 	41.36 	42.18 	45.11 	41.54 	28.26 	23.43 
A,ICCS0401,P_HTHAB,IS	15.65 	15.22 	15.66 	16.10 	15.04 	14.48 	22.10 	15.13 	20.60 	16.27 
A,ICCS0401,P_HTHAB,IT	105.47 	106.84 	64.55 	57.71 	55.09 	51.44 	47.92 	41.50 	34.34 	38.05 
A,ICCS0401,P_HTHAB,LI	13.71 	2.71 	2.69 	8.03 	10.63 	5.29 	5.25 	5.21 	10.32 	5.12 
A,ICCS0401,P_HTHAB,LT	64.02 	62.79 	57.35 	54.43 	46.46 	38.20 	29.26 	23.80 	17.14 	11.09 
A,ICCS0401,P_HTHAB,LU	100.41 	108.37 	111.88 	98.41 	79.65 	76.86 	74.58 	74.44 	75.39 	93.74 
A,ICCS0401,P_HTHAB,LV	46.12 	45.31 	40.42 	39.22 	33.06 	30.97 	27.61 	25.68 	22.80 	13.89 
A,ICCS0401,P_HTHAB,ME	18.86 	25.93 	30.25 	25.08 	20.57 	18.96 	19.76 	15.27 	7.72 	9.34 
A,ICCS0401,P_HTHAB,MK	22.77 	22.69 	14.76 	13.44 	11.97 	20.11 	: 	: 	: 	: 
A,ICCS0401,P_HTHAB,MT	61.55 	49.13 	44.67 	55.04 	57.50 	43.88 	43.72 	35.25 	24.88 	19.57 
A,ICCS0401,P_HTHAB,NL	89.30 	79.53 	62.09 	57.57 	52.89 	46.69 	45.31 	49.70 	41.91 	31.76 
A,ICCS0401,P_HTHAB,NO	29.76 	33.00 	20.81 	18.00 	15.54 	14.85 	14.88 	16.53 	17.85 	14.21 
A,ICCS0401,P_HTHAB,PL	43.83 	51.32 	36.48 	26.86 	25.37 	21.37 	17.91 	17.05 	13.93 	12.88 
A,ICCS0401,P_HTHAB,PT	175.61 	158.19 	149.55 	149.13 	128.74 	115.28 	102.47 	106.32 	87.18 	76.65 
A,ICCS0401,P_HTHAB,RO	15.89 	14.65 	32.17 	16.90 	15.67 	16.10 	16.77 	17.85 	19.91 	17.77 
A,ICCS0401,P_HTHAB,RS	52.53 	53.64 	45.22 	42.65 	34.23 	25.98 	22.81 	17.91 	12.21 	11.74 
A,ICCS0401,P_HTHAB,SE	97.15 	87.50 	86.72 	86.80 	86.91 	86.53 	85.43 	88.32 	85.32 	70.34 
A,ICCS0401,P_HTHAB,SI	19.02 	18.31 	14.41 	11.25 	10.95 	11.52 	15.58 	15.09 	12.17 	10.53 
A,ICCS0401,P_HTHAB,SK	18.02 	15.43 	12.56 	9.94 	9.69 	8.61 	8.73 	7.52 	5.95 	5.29 
A,ICCS0401,P_HTHAB,TR	13.79 	: 	: 	: 	13.83 	15.25 	13.60 	13.32 	13.55 	15.83 
A,ICCS0401,P_HTHAB,UKC-L	115.58 	101.88 	87.71 	88.70 	102.06 	131.63 	: 	: 	: 	: 
A,ICCS0401,P_HTHAB,UKM	34.53 	28.18 	28.05 	24.76 	26.63 	28.74 	33.24 	: 	: 	: 
A,ICCS0401,P_HTHAB,UKN	57.18 	53.05 	49.31 	43.87 	36.24 	30.38 	33.10 	: 	: 	: 
A,ICCS0401,P_HTHAB,XK	: 	: 	: 	: 	16.26 	17.16 	17.90 	11.42 	9.37 	: 
A,ICCS0501,P_HTHAB,AL	: 	: 	10.18 	7.98 	5.23 	: 	: 	: 	: 	: 
A,ICCS0501,P_HTHAB,AT	1013.76 	1049.51 	1004.91 	922.92 	926.38 	789.47 	664.65 	613.22 	544.17 	452.10 
A,ICCS0501,P_HTHAB,BA	340.69 	: 	: 	: 	: 	: 	: 	: 	: 	: 
A,ICCS0501,P_HTHAB,BE	923.41 	895.33 	862.36 	816.58 	698.01 	662.02 	624.43 	567.04 	411.60 	392.89 
A,ICCS0501,P_HTHAB,BG	229.02 	235.61 	211.53 	167.10 	142.04 	124.57 	108.71 	88.94 	76.88 	59.77 
A,ICCS0501,P_HTHAB,CH	926.67 	854.95 	782.66 	638.15 	558.88 	491.13 	458.16 	426.23 	381.35 	359.69 
A,ICCS0501,P_HTHAB,CY	348.02 	312.63 	275.76 	233.65 	202.87 	171.97 	144.64 	135.86 	98.20 	96.43 
A,ICCS0501,P_HTHAB,CZ	528.81 	593.22 	469.01 	327.15 	267.39 	228.07 	199.35 	208.09 	193.20 	287.32 
A,ICCS0501,P_HTHAB,DE	535.57 	543.34 	552.29 	571.36 	526.59 	442.53 	394.25 	374.89 	358.75 	292.43 
A,ICCS0501,P_HTHAB,DK	1450.22 	1409.25 	1237.50 	1119.19 	1053.68 	955.37 	949.08 	831.15 	661.08 	521.11 
A,ICCS0501,P_HTHAB,EL	518.44 	446.74 	399.45 	421.76 	414.35 	181.95 	164.10 	181.80 	129.61 	125.14 
A,ICCS0501,P_HTHAB,ES	347.45 	358.07 	477.38 	349.79 	346.37 	321.64 	323.35 	303.66 	224.17 	222.10 
A,ICCS0501,P_HTHAB,FI	450.04 	176.77 	190.98 	183.69 	157.25 	141.86 	142.46 	135.94 	140.99 	114.66 
A,ICCS0501,P_HTHAB,FR	558.33 	587.67 	574.98 	570.41 	549.95 	547.42 	506.27 	497.96 	415.09 	398.23 
A,ICCS0501,P_HTHAB,HR	449.46 	433.66 	360.32 	354.25 	295.97 	308.63 	265.64 	265.73 	220.20 	188.14 
A,ICCS0501,P_HTHAB,HU	471.78 	380.35 	302.54 	290.14 	: 	: 	: 	: 	: 	: 
A,ICCS0501,P_HTHAB,IE	620.57 	572.65 	596.81 	549.68 	382.58 	392.21 	344.09 	334.69 	213.16 	167.51 
A,ICCS0501,P_HTHAB,IS	429.95 	339.28 	350.97 	386.81 	312.15 	313.29 	369.06 	325.22 	290.83 	284.17 
A,ICCS0501,P_HTHAB,LI	383.82 	339.32 	597.92 	449.61 	374.78 	335.89 	367.32 	278.81 	152.27 	: 
A,ICCS0501,P_HTHAB,LT	: 	109.86 	113.54 	102.66 	91.98 	90.94 	70.60 	58.73 	43.81 	29.40 
A,ICCS0501,P_HTHAB,LU	602.64 	632.91 	794.64 	374.98 	328.33 	342.66 	609.13 	575.18 	476.60 	489.34 
A,ICCS0501,P_HTHAB,LV	47.78 	47.19 	30.58 	25.23 	323.27 	268.24 	252.12 	219.27 	199.35 	146.79 
A,ICCS0501,P_HTHAB,ME	222.95 	190.21 	153.01 	150.94 	136.13 	145.09 	109.42 	100.29 	70.59 	74.11 
A,ICCS0501,P_HTHAB,MK	727.50 	732.63 	634.53 	: 	: 	: 	: 	: 	: 	: 
A,ICCS0501,P_HTHAB,MT	402.83 	341.27 	381.77 	236.76 	239.33 	275.26 	254.57 	257.31 	201.34 	169.15 
A,ICCS0501,P_HTHAB,NL	723.57 	717.96 	614.20 	571.51 	498.29 	437.29 	367.26 	341.10 	286.28 	211.81 
A,ICCS0501,P_HTHAB,NO	348.81 	311.60 	291.51 	: 	: 	: 	: 	: 	: 	: 
A,ICCS0501,P_HTHAB,PL	336.18 	311.42 	281.17 	249.12 	210.52 	178.32 	182.08 	188.01 	196.27 	194.17 
A,ICCS0501,P_HTHAB,PT	415.87 	366.06 	331.94 	283.24 	253.28 	221.86 	221.86 	208.55 	185.83 	159.31 
A,ICCS0501,P_HTHAB,RO	97.16 	97.77 	256.26 	148.77 	138.32 	138.35 	155.96 	150.11 	133.17 	135.49 
A,ICCS0501,P_HTHAB,RS	243.96 	441.33 	374.83 	316.27 	278.14 	239.25 	206.43 	171.04 	137.14 	142.88 
A,ICCS0501,P_HTHAB,SE	928.69 	894.24 	865.92 	923.93 	904.02 	900.25 	769.88 	737.52 	785.66 	703.48 
A,ICCS0501,P_HTHAB,SI	686.26 	746.54 	659.99 	496.93 	518.70 	423.64 	406.26 	400.64 	395.11 	224.90 
A,ICCS0501,P_HTHAB,SK	219.36 	206.38 	174.06 	126.57 	115.37 	105.24 	83.19 	67.79 	68.25 	59.47 
A,ICCS0501,P_HTHAB,TR	159.97 	: 	: 	: 	: 	: 	148.99 	126.45 	115.19 	114.23 
A,ICCS0501,P_HTHAB,UKC-L	815.67 	780.87 	718.55 	695.62 	708.87 	747.32 	717.21 	: 	: 	: 
A,ICCS0501,P_HTHAB,UKM	405.46 	418.64 	386.08 	329.26 	303.15 	279.42 	253.40 	: 	: 	: 
A,ICCS0501,P_HTHAB,UKN	523.44 	499.55 	483.81 	496.24 	397.84 	365.36 	340.52 	: 	: 	: 
A,ICCS0501,P_HTHAB,XK	: 	: 	: 	: 	336.08 	289.99 	289.24 	231.50 	215.42 	: 
A,ICCS05012,P_HTHAB,AL	: 	: 	57.21 	47.95 	42.13 	39.80 	42.43 	40.42 	31.41 	26.29 
A,ICCS05012,P_HTHAB,AT	184.10 	195.79 	201.13 	180.92 	149.31 	133.94 	110.53 	99.31 	73.26 	51.13 
A,ICCS05012,P_HTHAB,BE	681.76 	676.25 	650.00 	584.80 	489.49 	461.00 	450.38 	410.88 	293.12 	288.95 
A,ICCS05012,P_HTHAB,BG	88.11 	87.80 	73.77 	61.55 	: 	: 	93.55 	79.81 	68.13 	57.04 
A,ICCS05012,P_HTHAB,CH	450.06 	493.49 	450.84 	372.24 	312.80 	286.01 	276.12 	249.88 	213.86 	210.30 
A,ICCS05012,P_HTHAB,CY	233.18 	206.15 	189.39 	160.80 	128.25 	107.98 	: 	: 	: 	: 
A,ICCS05012,P_HTHAB,CZ	52.15 	151.75 	122.07 	89.65 	76.05 	68.37 	56.82 	61.27 	51.54 	48.79 
A,ICCS05012,P_HTHAB,DE	179.41 	185.66 	188.35 	205.84 	184.08 	141.22 	117.77 	104.97 	90.21 	65.22 
A,ICCS05012,P_HTHAB,DK	1038.02 	1008.92 	900.02 	807.92 	777.59 	702.60 	688.80 	601.89 	466.08 	394.26 
A,ICCS05012,P_HTHAB,EE	205.10 	161.49 	157.47 	126.40 	100.92 	73.35 	57.23 	45.29 	43.79 	36.92 
A,ICCS05012,P_HTHAB,EL	254.30 	232.19 	209.40 	221.24 	217.18 	91.88 	79.39 	85.92 	59.94 	55.39 
A,ICCS05012,P_HTHAB,ES	270.03 	272.74 	261.82 	248.23 	243.97 	225.87 	229.68 	209.48 	152.92 	159.29 
A,ICCS05012,P_HTHAB,FI	116.29 	105.92 	116.76 	109.11 	96.57 	86.69 	89.35 	82.20 	85.50 	70.44 
A,ICCS05012,P_HTHAB,FR	364.73 	381.75 	357.31 	348.61 	361.29 	: 	: 	: 	: 	: 
A,ICCS05012,P_HTHAB,HR	132.46 	140.68 	116.42 	116.18 	105.21 	109.14 	109.95 	94.60 	79.77 	63.60 
A,ICCS05012,P_HTHAB,HU	239.02 	218.05 	244.26 	205.88 	: 	: 	: 	: 	: 	: 
A,ICCS05012,P_HTHAB,IS	141.75 	118.69 	119.45 	122.15 	92.92 	113.20 	145.79 	: 	106.55 	132.87 
A,ICCS05012,P_HTHAB,IT	399.63 	421.25 	420.99 	386.09 	352.84 	323.20 	316.40 	276.39 	183.60 	210.54 
A,ICCS05012,P_HTHAB,LI	139.82 	249.74 	312.42 	272.98 	204.67 	: 	: 	: 	: 	: 
A,ICCS05012,P_HTHAB,LT	117.39 	109.86 	113.54 	102.66 	91.98 	90.94 	70.60 	58.73 	43.81 	29.40 
A,ICCS05012,P_HTHAB,LU	354.77 	414.87 	603.08 	478.90 	368.42 	: 	: 	: 	171.86 	180.71 
A,ICCS05012,P_HTHAB,LV	35.75 	34.74 	21.58 	12.84 	88.02 	73.28 	66.33 	53.54 	43.67 	27.57 
A,ICCS05012,P_HTHAB,MK	96.47 	127.96 	139.46 	: 	: 	: 	: 	: 	: 	: 
A,ICCS05012,P_HTHAB,MT	240.45 	184.40 	219.10 	165.83 	177.72 	185.32 	181.63 	165.33 	121.07 	111.02 
A,ICCS05012,P_HTHAB,NL	512.90 	509.40 	423.28 	392.44 	334.09 	288.79 	245.27 	225.58 	181.44 	136.85 
A,ICCS05012,P_HTHAB,NO	120.08 	108.05 	98.57 	: 	: 	: 	: 	: 	: 	: 
A,ICCS05012,P_HTHAB,PL	70.47 	60.11 	33.04 	30.04 	: 	55.62 	51.06 	49.56 	48.12 	47.31 
A,ICCS05012,P_HTHAB,PT	238.57 	211.74 	185.21 	156.01 	138.95 	119.31 	118.17 	106.66 	89.05 	81.76 
A,ICCS05012,P_HTHAB,RO	76.09 	75.35 	128.30 	76.07 	75.07 	73.70 	84.91 	85.42 	78.94 	78.34 
A,ICCS05012,P_HTHAB,RS	93.37 	94.63 	85.45 	77.46 	111.60 	92.55 	84.68 	71.00 	53.84 	54.11 
A,ICCS05012,P_HTHAB,SE	417.09 	425.43 	393.76 	435.94 	428.60 	434.22 	364.90 	337.80 	379.99 	347.77 
A,ICCS05012,P_HTHAB,SI	132.18 	185.30 	178.06 	151.10 	154.25 	140.62 	126.52 	121.05 	127.58 	65.06 
A,ICCS05012,P_HTHAB,SK	58.53 	59.62 	50.00 	35.49 	32.51 	30.26 	24.32 	18.20 	17.42 	13.94 
A,ICCS05012,P_HTHAB,TR	72.51 	: 	: 	: 	: 	: 	91.75 	76.63 	70.23 	67.54 
A,ICCS05012,P_HTHAB,UKC-L	403.19 	373.49 	343.76 	337.18 	354.61 	426.08 	401.15 	: 	: 	: 
A,ICCS05012,P_HTHAB,UKM	295.05 	307.02 	284.14 	243.65 	223.86 	201.17 	176.07 	: 	: 	: 
A,ICCS05012,P_HTHAB,UKN	322.61 	317.74 	310.95 	330.30 	267.04 	: 	: 	: 	: 	: 
A,ICCS05012,P_HTHAB,XK	: 	: 	: 	: 	252.14 	: 	: 	: 	: 	: 
A,ICCS0502,P_HTHAB,AL	: 	: 	274.90 	242.98 	196.17 	177.15 	188.62 	168.84 	111.11 	106.19 
A,ICCS0502,P_HTHAB,AT	1742.60 	1822.11 	1742.86 	1635.37 	1651.67 	1501.41 	1346.62 	1302.92 	951.95 	819.61 
A,ICCS0502,P_HTHAB,BA	173.86 	: 	: 	: 	: 	: 	: 	: 	: 	: 
A,ICCS0502,P_HTHAB,BE	2144.43 	2007.85 	1864.29 	2196.73 	2055.54 	1969.42 	1948.04 	1956.68 	1357.70 	1428.70 
A,ICCS0502,P_HTHAB,BG	606.81 	621.26 	569.25 	531.99 	457.48 	576.57 	523.71 	473.88 	388.92 	353.28 
A,ICCS0502,P_HTHAB,CH	2705.06 	2455.37 	2145.07 	1916.94 	1757.62 	1680.66 	1550.49 	1552.41 	1409.73 	1356.19 
A,ICCS0502,P_HTHAB,CY	181.78 	146.90 	115.38 	111.33 	86.17 	112.19 	82.85 	73.30 	57.77 	58.82 
A,ICCS0502,P_HTHAB,CZ	1142.53 	1200.28 	993.72 	810.06 	674.86 	624.84 	560.20 	561.98 	426.77 	248.45 
A,ICCS0502,P_HTHAB,DE	1578.00 	1600.86 	1636.98 	1661.33 	1570.39 	1401.36 	1307.46 	1235.04 	1120.39 	1004.59 
A,ICCS0502,P_HTHAB,DK	5044.60 	4802.85 	4456.42 	3990.80 	3951.31 	3721.21 	3162.31 	2928.71 	2439.43 	2134.02 
A,ICCS0502,P_HTHAB,EE	1405.66 	1247.18 	1196.06 	863.51 	682.55 	580.18 	561.20 	513.58 	516.41 	564.86 
A,ICCS0502,P_HTHAB,EL	563.28 	489.02 	464.09 	507.93 	530.04 	860.55 	748.07 	800.26 	568.61 	551.92 
A,ICCS0502,P_HTHAB,ES	353.06 	349.82 	333.79 	442.96 	351.16 	349.09 	360.50 	374.65 	220.82 	262.25 
A,ICCS0502,P_HTHAB,FI	2337.30 	2528.60 	2521.71 	2430.26 	2309.58 	2201.92 	2143.85 	2224.23 	2440.25 	2242.66 
A,ICCS0502,P_HTHAB,FR	1798.31 	2118.89 	2167.66 	2101.67 	2251.41 	2228.96 	2170.64 	2194.61 	1744.79 	1786.35 
A,ICCS0502,P_HTHAB,HR	403.37 	329.67 	283.58 	320.62 	303.98 	298.81 	296.92 	291.00 	256.72 	255.80 
A,ICCS0502,P_HTHAB,HU	1601.37 	1254.20 	1082.67 	1129.57 	952.06 	819.95 	656.45 	582.92 	516.31 	436.02 
A,ICCS0502,P_HTHAB,IE	1660.87 	1708.33 	1673.60 	1554.55 	1312.17 	1398.78 	1334.74 	1333.62 	982.53 	891.23 
A,ICCS0502,P_HTHAB,IS	1297.66 	1274.48 	1126.90 	1225.16 	1044.12 	1129.60 	942.75 	973.69 	962.01 	1020.09 
A,ICCS0502,P_HTHAB,IT	1795.91 	2183.71 	2167.27 	2021.70 	1867.31 	1765.93 	1680.73 	1541.83 	1049.00 	1183.42 
A,ICCS0502,P_HTHAB,LI	540.10 	632.50 	576.37 	516.51 	520.97 	394.08 	425.04 	463.81 	343.25 	: 
A,ICCS0502,P_HTHAB,LT	781.65 	940.54 	947.69 	779.90 	691.11 	598.33 	456.87 	390.17 	338.11 	276.71 
A,ICCS0502,P_HTHAB,LU	1761.06 	1924.26 	1866.36 	1632.98 	1727.38 	1708.24 	1712.94 	1616.73 	1478.66 	1717.58 
A,ICCS0502,P_HTHAB,LV	1043.67 	1019.01 	1028.15 	976.14 	739.99 	745.29 	726.18 	682.88 	670.92 	417.28 
A,ICCS0502,P_HTHAB,ME	138.16 	119.02 	143.52 	132.94 	81.32 	80.82 	70.70 	66.38 	51.46 	54.29 
A,ICCS0502,P_HTHAB,MK	292.94 	268.15 	241.22 	: 	: 	: 	: 	: 	: 	: 
A,ICCS0502,P_HTHAB,MT	2081.21 	2009.90 	1927.20 	2015.40 	2030.60 	1793.41 	1372.29 	1343.51 	889.69 	867.66 
A,ICCS0502,P_HTHAB,NL	2347.68 	2335.85 	2171.04 	1982.87 	1790.76 	1516.82 	1361.88 	1353.19 	1176.24 	1052.96 
A,ICCS0502,P_HTHAB,NO	3116.11 	2889.17 	2584.55 	2222.55 	2005.61 	1791.05 	1743.33 	1774.40 	1611.88 	1467.77 
A,ICCS0502,P_HTHAB,PL	606.22 	557.35 	443.39 	382.08 	332.90 	281.58 	260.25 	270.15 	259.55 	287.32 
A,ICCS0502,P_HTHAB,PT	970.09 	904.92 	873.10 	948.78 	863.57 	858.82 	850.93 	799.10 	632.86 	621.02 
A,ICCS0502,P_HTHAB,RO	282.30 	287.50 	824.15 	545.72 	466.08 	489.47 	514.10 	494.19 	454.34 	471.44 
A,ICCS0502,P_HTHAB,RS	248.04 	430.02 	374.35 	344.13 	316.98 	294.76 	268.24 	259.49 	219.84 	252.68 
A,ICCS0502,P_HTHAB,SE	4306.93 	4298.52 	4141.40 	4100.05 	3810.73 	3602.88 	3303.14 	3216.50 	3011.72 	2784.26 
A,ICCS0502,P_HTHAB,SI	1649.48 	1697.18 	1460.54 	1105.16 	1036.44 	994.19 	898.94 	862.41 	770.47 	634.76 
A,ICCS0502,P_HTHAB,SK	642.63 	382.71 	342.84 	444.37 	292.47 	373.39 	248.83 	222.35 	209.62 	179.48 
A,ICCS0502,P_HTHAB,TR	321.08 	: 	: 	: 	: 	: 	310.19 	264.22 	238.25 	251.45 
A,ICCS0502,P_HTHAB,UKC-L	2414.98 	2337.36 	2342.92 	2354.96 	2524.38 	2686.01 	2702.02 	: 	: 	: 
A,ICCS0502,P_HTHAB,UKM	1781.88 	1914.81 	1780.27 	1619.49 	1578.45 	1598.29 	1592.24 	: 	: 	: 
A,ICCS0502,P_HTHAB,UKN	1309.78 	1493.93 	1460.35 	1392.41 	1294.58 	1253.97 	1288.84 	: 	: 	: 
A,ICCS0502,P_HTHAB,XK	: 	: 	: 	: 	710.82 	312.25 	309.65 	269.26 	237.02 	: 
A,ICCS05021,P_HTHAB,AL	: 	: 	13.84 	9.57 	10.32 	11.44 	8.78 	11.11 	6.99 	7.32 
A,ICCS05021,P_HTHAB,AT	52.88 	135.80 	121.13 	113.60 	103.83 	57.14 	48.25 	44.22 	34.91 	31.29 
A,ICCS05021,P_HTHAB,BA	34.59 	: 	: 	: 	: 	: 	: 	: 	: 	: 
A,ICCS05021,P_HTHAB,BE	155.14 	141.50 	141.16 	172.43 	154.18 	139.58 	123.02 	109.98 	79.04 	80.95 
A,ICCS05021,P_HTHAB,BG	42.06 	49.19 	51.35 	49.15 	38.57 	28.77 	4.65 	4.43 	6.04 	4.42 
A,ICCS05021,P_HTHAB,CH	96.67 	78.39 	81.16 	76.78 	72.63 	78.82 	90.05 	104.00 	114.11 	147.17 
A,ICCS05021,P_HTHAB,CY	202.90 	152.10 	138.34 	113.46 	116.58 	112.31 	: 	: 	: 	: 
A,ICCS05021,P_HTHAB,CZ	470.86 	507.03 	390.82 	288.35 	86.80 	77.64 	66.23 	62.62 	56.92 	40.09 
A,ICCS05021,P_HTHAB,DE	79.69 	73.93 	72.31 	69.66 	72.57 	65.58 	60.92 	58.49 	51.59 	47.11 
A,ICCS05021,P_HTHAB,DK	6.00 	5.14 	5.05 	4.06 	4.22 	3.79 	4.00 	4.25 	4.53 	2.67 
A,ICCS05021,P_HTHAB,EE	46.78 	41.43 	45.37 	38.41 	28.34 	13.68 	10.16 	12.30 	8.13 	8.27 
A,ICCS05021,P_HTHAB,EL	281.12 	261.73 	228.67 	244.28 	242.77 	330.96 	227.94 	202.43 	143.68 	139.49 
A,ICCS05021,P_HTHAB,ES	100.66 	88.81 	78.40 	67.03 	68.21 	70.70 	64.69 	61.62 	42.14 	42.81 
A,ICCS05021,P_HTHAB,FI	163.20 	139.70 	146.42 	134.87 	114.25 	106.32 	103.86 	101.45 	117.03 	101.02 
A,ICCS05021,P_HTHAB,FR	273.19 	264.07 	256.41 	252.78 	241.93 	: 	: 	: 	: 	: 
A,ICCS05021,P_HTHAB,HR	26.71 	20.32 	14.91 	17.99 	21.24 	20.56 	22.48 	25.42 	17.32 	16.97 
A,ICCS05021,P_HTHAB,HU	69.68 	57.44 	48.63 	32.22 	: 	: 	: 	: 	: 	: 
A,ICCS05021,P_HTHAB,IE	184.99 	160.29 	167.41 	104.80 	71.87 	72.26 	77.07 	73.00 	52.09 	55.43 
A,ICCS05021,P_HTHAB,IS	104.83 	74.26 	120.37 	20.96 	17.14 	23.64 	22.10 	7.28 	7.96 	3.53 
A,ICCS05021,P_HTHAB,IT	330.99 	307.42 	290.31 	272.47 	258.70 	240.57 	233.34 	219.25 	169.42 	185.99 
A,ICCS05021,P_HTHAB,LI	16.45 	13.57 	13.47 	37.47 	82.40 	5.29 	13.12 	10.42 	15.49 	: 
A,ICCS05021,P_HTHAB,LT	57.40 	50.61 	42.64 	38.96 	43.72 	35.08 	28.02 	23.84 	20.33 	11.91 
A,ICCS05021,P_HTHAB,LU	70.88 	425.48 	407.51 	53.65 	42.00 	48.76 	48.67 	49.52 	40.57 	41.28 
A,ICCS05021,P_HTHAB,LV	44.50 	66.56 	66.10 	74.67 	49.52 	17.54 	17.32 	22.50 	39.21 	21.97 
A,ICCS05021,P_HTHAB,ME	6.93 	6.28 	3.38 	5.14 	6.11 	4.98 	4.98 	4.50 	5.31 	5.80 
A,ICCS05021,P_HTHAB,MK	18.01 	24.58 	26.24 	: 	: 	: 	: 	: 	: 	: 
A,ICCS05021,P_HTHAB,MT	73.29 	77.13 	56.89 	53.34 	58.93 	72.13 	66.64 	49.64 	44.70 	49.22 
A,ICCS05021,P_HTHAB,NL	234.13 	229.21 	222.50 	212.51 	184.11 	162.46 	158.17 	163.00 	155.19 	126.23 
A,ICCS05021,P_HTHAB,NO	159.51 	131.33 	128.94 	103.84 	85.75 	77.15 	76.70 	72.46 	75.66 	58.35 
A,ICCS05021,P_HTHAB,PL	42.64 	47.91 	44.93 	40.28 	37.77 	32.78 	28.89 	28.65 	29.21 	27.85 
A,ICCS05021,P_HTHAB,PT	150.82 	141.11 	131.61 	115.83 	111.50 	99.46 	95.85 	91.24 	84.34 	72.68 
A,ICCS05021,P_HTHAB,RO	8.10 	14.45 	27.21 	23.45 	6.90 	14.90 	10.69 	10.17 	8.70 	6.20 
A,ICCS05021,P_HTHAB,RS	38.26 	30.90 	26.52 	23.75 	21.17 	22.09 	17.48 	13.53 	10.26 	8.94 
A,ICCS05021,P_HTHAB,SE	305.03 	290.12 	280.56 	272.03 	255.65 	240.76 	215.44 	196.00 	206.94 	179.19 
A,ICCS05021,P_HTHAB,SI	26.22 	30.16 	28.82 	37.57 	39.48 	26.82 	26.27 	26.14 	28.58 	18.87 
A,ICCS05021,P_HTHAB,SK	47.11 	44.93 	42.41 	35.64 	30.79 	28.04 	24.60 	19.12 	17.99 	14.71 
A,ICCS05021,P_HTHAB,TR	41.50 	: 	: 	: 	67.57 	65.46 	45.40 	34.68 	39.09 	39.66 
A,ICCS05021,P_HTHAB,UKC-L	141.60 	132.68 	132.28 	142.01 	167.13 	191.29 	203.72 	: 	: 	: 
A,ICCS05021,P_HTHAB,UKM	108.00 	112.33 	101.60 	93.87 	97.01 	92.78 	91.04 	: 	: 	: 
A,ICCS05021,P_HTHAB,UKN	115.51 	116.11 	110.22 	91.92 	84.00 	75.48 	77.40 	: 	: 	: 
A,ICCS05021,P_HTHAB,XK	: 	: 	: 	: 	16.65 	13.06 	11.90 	8.24 	6.51 	: 
A,ICCS0601,P_HTHAB,AL	: 	: 	61.32 	80.74 	113.26 	72.55 	67.10 	70.26 	73.75 	109.59 
A,ICCS0601,P_HTHAB,AT	23.67 	322.19 	342.83 	385.72 	416.97 	486.72 	466.74 	494.05 	458.20 	396.98 
A,ICCS0601,P_HTHAB,BA	1.12 	: 	: 	: 	: 	: 	: 	: 	: 	: 
A,ICCS0601,P_HTHAB,BE	102.16 	102.31 	493.09 	468.59 	491.38 	513.17 	524.50 	553.00 	534.74 	480.49 
A,ICCS0601,P_HTHAB,BG	40.40 	41.90 	44.70 	55.68 	66.23 	70.25 	78.52 	78.14 	70.70 	71.05 
A,ICCS0601,P_HTHAB,CH	1167.39 	1210.20 	994.96 	1045.54 	999.96 	951.05 	899.42 	886.61 	797.12 	702.25 
A,ICCS0601,P_HTHAB,CY	119.49 	115.03 	125.87 	109.80 	103.26 	109.97 	132.14 	117.82 	95.27 	93.53 
A,ICCS0601,P_HTHAB,CZ	36.30 	48.66 	53.24 	52.66 	52.75 	52.93 	51.51 	45.25 	39.19 	39.21 
A,ICCS0601,P_HTHAB,DE	295.22 	314.85 	342.63 	348.05 	368.23 	400.60 	423.54 	433.33 	439.78 	434.19 
A,ICCS0601,P_HTHAB,DK	414.67 	460.18 	499.23 	438.41 	414.96 	481.56 	521.86 	567.58 	536.19 	490.85 
A,ICCS0601,P_HTHAB,EE	348.32 	351.32 	307.95 	378.90 	429.58 	441.46 	341.51 	301.78 	278.49 	272.17 
A,ICCS0601,P_HTHAB,EL	91.50 	95.18 	99.34 	99.35 	102.80 	118.82 	125.95 	126.76 	119.63 	112.17 
A,ICCS0601,P_HTHAB,ES	30.99 	30.59 	28.83 	25.98 	26.80 	27.85 	30.29 	35.42 	36.15 	38.64 
A,ICCS0601,P_HTHAB,FI	372.17 	417.49 	399.56 	428.25 	457.80 	502.23 	529.21 	582.09 	667.11 	505.80 
A,ICCS0601,P_HTHAB,FR	9.04 	9.84 	10.46 	11.25 	362.98 	339.98 	368.68 	364.16 	323.43 	426.74 
A,ICCS0601,P_HTHAB,HR	170.60 	62.95 	63.74 	67.26 	277.21 	284.31 	272.78 	272.16 	227.10 	221.76 
A,ICCS0601,P_HTHAB,HU	52.49 	54.58 	61.99 	61.16 	58.57 	65.96 	82.03 	66.94 	66.57 	71.64 
A,ICCS0601,P_HTHAB,IE	357.45 	333.82 	342.03 	311.12 	323.93 	340.00 	367.13 	420.00 	447.22 	384.39 
A,ICCS0601,P_HTHAB,IS	586.40 	663.03 	721.59 	571.25 	555.14 	641.05 	642.85 	608.98 	475.10 	457.17 
A,ICCS0601,P_HTHAB,IT	57.00 	56.26 	53.83 	52.28 	58.00 	63.28 	64.11 	63.02 	56.80 	50.42 
A,ICCS0601,P_HTHAB,LI	704.59 	1172.70 	1018.07 	738.64 	1185.48 	1295.95 	1870.70 	2066.29 	2730.53 	1223.91 
A,ICCS0601,P_HTHAB,LT	100.08 	79.21 	87.89 	86.40 	79.21 	92.07 	114.64 	110.19 	105.22 	112.49 
A,ICCS0601,P_HTHAB,LU	492.14 	599.96 	762.26 	830.43 	690.85 	454.23 	498.83 	690.35 	737.73 	594.43 
A,ICCS0601,P_HTHAB,LV	134.49 	80.89 	134.75 	177.69 	135.25 	153.27 	134.77 	122.66 	103.53 	77.28 
A,ICCS0601,P_HTHAB,ME	30.15 	27.70 	28.80 	29.58 	33.11 	37.12 	39.53 	47.74 	45.19 	55.90 
A,ICCS0601,P_HTHAB,MK	28.84 	: 	1.06 	0.82 	1.50 	: 	: 	: 	: 	: 
A,ICCS0601,P_HTHAB,MT	48.62 	49.36 	44.71 	35.71 	48.18 	67.35 	73.16 	32.21 	32.65 	116.84 
A,ICCS0601,P_HTHAB,NL	96.50 	95.86 	90.28 	81.80 	73.33 	68.61 	72.64 	80.57 	73.70 	66.04 
A,ICCS0601,P_HTHAB,NO	885.46 	936.12 	888.18 	805.15 	694.41 	638.70 	597.34 	540.39 	480.63 	324.93 
A,ICCS0601,P_HTHAB,PL	200.60 	189.00 	167.83 	144.76 	159.21 	170.26 	158.18 	176.00 	175.32 	183.99 
A,ICCS0601,P_HTHAB,PT	43.99 	44.34 	45.56 	51.07 	55.56 	62.86 	63.55 	55.94 	38.52 	43.12 
A,ICCS0601,P_HTHAB,RO	14.29 	12.28 	12.07 	25.42 	22.63 	31.20 	43.44 	41.73 	34.20 	40.72 
A,ICCS0601,P_HTHAB,RS	66.15 	78.65 	86.99 	80.20 	99.20 	119.41 	145.90 	160.09 	155.47 	141.98 
A,ICCS0601,P_HTHAB,SE	1026.89 	1037.84 	1018.36 	990.61 	949.62 	1027.08 	1073.94 	1127.92 	1222.41 	1158.39 
A,ICCS0601,P_HTHAB,SI	85.62 	83.15 	80.64 	84.20 	69.62 	78.61 	73.40 	60.17 	65.32 	61.31 
A,ICCS0601,P_HTHAB,SK	14.04 	35.67 	29.71 	32.28 	27.51 	27.23 	28.90 	31.61 	27.72 	33.08 
A,ICCS0601,P_HTHAB,UKC-L	52.77 	51.71 	49.21 	45.07 	43.55 	45.38 	50.59 	: 	: 	: 
A,ICCS0601,P_HTHAB,UKM	102.35 	668.07 	688.34 	660.41 	605.01 	596.43 	638.49 	: 	: 	: 
A,ICCS0601,P_HTHAB,UKN	50.14 	243.40 	269.42 	291.46 	295.74 	334.61 	363.97 	: 	: 	: 
A,ICCS0601,P_HTHAB,XK	: 	: 	: 	: 	33.08 	74.46 	85.68 	82.59 	68.07 	: 
A,ICCS0701,P_HTHAB,AL	: 	: 	: 	: 	31.75 	35.39 	32.78 	30.53 	28.04 	: 
A,ICCS0701,P_HTHAB,AT	: 	: 	: 	: 	374.04 	399.53 	429.13 	560.20 	611.28 	: 
A,ICCS0701,P_HTHAB,BE	: 	: 	: 	: 	491.53 	510.89 	579.47 	692.59 	811.55 	: 
A,ICCS0701,P_HTHAB,BG	: 	: 	: 	: 	50.39 	47.45 	40.43 	30.04 	24.04 	: 
A,ICCS0701,P_HTHAB,CH	: 	: 	: 	: 	197.23 	168.98 	206.50 	224.23 	243.85 	: 
A,ICCS0701,P_HTHAB,CY	: 	: 	: 	: 	27.35 	28.78 	26.27 	25.23 	27.48 	: 
A,ICCS0701,P_HTHAB,CZ	: 	: 	: 	: 	93.20 	82.73 	79.63 	86.19 	74.36 	: 
A,ICCS0701,P_HTHAB,DE	: 	: 	: 	: 	1094.05 	1103.17 	1015.53 	1003.34 	971.63 	: 
A,ICCS0701,P_HTHAB,DK	: 	: 	: 	: 	688.28 	764.30 	749.81 	820.30 	925.06 	: 
A,ICCS0701,P_HTHAB,EE	: 	: 	: 	: 	128.04 	118.65 	110.15 	136.85 	138.83 	: 
A,ICCS0701,P_HTHAB,EL	: 	: 	: 	: 	35.15 	30.21 	29.64 	29.91 	37.87 	: 
A,ICCS0701,P_HTHAB,ES	: 	: 	: 	: 	394.07 	461.22 	619.78 	697.99 	761.74 	: 
A,ICCS0701,P_HTHAB,FI	: 	: 	: 	: 	816.21 	641.80 	647.53 	730.24 	853.02 	: 
A,ICCS0701,P_HTHAB,FR	: 	: 	: 	: 	296.71 	260.30 	269.16 	309.85 	345.47 	: 
A,ICCS0701,P_HTHAB,HR	: 	: 	: 	: 	90.82 	63.53 	75.22 	80.91 	61.78 	: 
A,ICCS0701,P_HTHAB,HU	: 	: 	: 	: 	457.76 	259.14 	215.53 	173.30 	158.16 	: 
A,ICCS0701,P_HTHAB,IE	: 	: 	: 	: 	103.72 	82.43 	94.24 	115.23 	118.08 	: 
A,ICCS0701,P_HTHAB,IS	: 	: 	: 	: 	: 	136.84 	154.11 	166.95 	184.82 	: 
A,ICCS0701,P_HTHAB,IT	: 	: 	: 	: 	300.18 	320.30 	361.86 	406.27 	475.65 	: 
A,ICCS0701,P_HTHAB,LI	: 	: 	: 	: 	465.15 	343.82 	411.92 	466.41 	454.23 	: 
A,ICCS0701,P_HTHAB,LT	: 	: 	: 	: 	99.36 	105.31 	99.08 	106.69 	96.20 	: 
A,ICCS0701,P_HTHAB,LU	: 	: 	: 	: 	171.63 	99.55 	107.31 	121.19 	235.58 	: 
A,ICCS0701,P_HTHAB,LV	: 	: 	: 	: 	90.71 	77.07 	90.88 	82.29 	90.74 	: 
A,ICCS0701,P_HTHAB,ME	: 	: 	: 	: 	7.88 	: 	0.96 	7.23 	9.33 	: 
A,ICCS0701,P_HTHAB,MT	: 	: 	: 	: 	111.01 	170.98 	216.94 	166.34 	157.61 	: 
A,ICCS0701,P_HTHAB,NL	: 	: 	: 	: 	371.04 	: 	: 	: 	: 	: 
A,ICCS0701,P_HTHAB,NO	: 	: 	: 	: 	409.94 	377.97 	425.48 	394.73 	353.94 	: 
A,ICCS0701,P_HTHAB,PL	: 	: 	: 	: 	286.16 	339.82 	309.22 	368.77 	364.05 	: 
A,ICCS0701,P_HTHAB,PT	: 	: 	: 	: 	188.39 	222.44 	232.41 	301.42 	359.40 	: 
A,ICCS0701,P_HTHAB,RO	: 	: 	: 	: 	: 	51.93 	53.74 	58.42 	58.06 	: 
A,ICCS0701,P_HTHAB,RS	: 	: 	: 	: 	31.73 	29.03 	28.08 	25.19 	17.90 	: 
A,ICCS0701,P_HTHAB,SE	: 	: 	: 	: 	2207.49 	2536.88 	2976.31 	2867.82 	2701.06 	: 
A,ICCS0701,P_HTHAB,SI	: 	: 	: 	: 	212.34 	193.72 	189.03 	189.92 	161.22 	: 
A,ICCS0701,P_HTHAB,SK	: 	: 	: 	: 	42.61 	52.67 	48.37 	41.54 	36.35 	: 
A,ICCS0701,P_HTHAB,TR	: 	: 	: 	: 	98.42 	: 	: 	: 	: 	: 
A,ICCS0701,P_HTHAB,XK	: 	: 	: 	: 	30.37 	30.00 	34.92 	36.64 	26.26 	: 
A,ICCS0703,P_HTHAB,AL	: 	: 	: 	: 	35.89 	40.12 	35.99 	46.46 	29.76 	34.53 
A,ICCS0703,P_HTHAB,AT	: 	: 	: 	: 	36.22 	36.58 	35.29 	35.65 	32.34 	32.63 
A,ICCS0703,P_HTHAB,BE	: 	: 	: 	: 	45.60 	40.49 	41.49 	41.68 	37.29 	40.73 
A,ICCS0703,P_HTHAB,BG	: 	: 	: 	: 	3.12 	3.28 	9.55 	8.36 	6.99 	8.17 
A,ICCS0703,P_HTHAB,CH	: 	: 	: 	: 	45.02 	40.25 	0.22 	0.16 	0.24 	0.69 
A,ICCS0703,P_HTHAB,CY	: 	: 	: 	: 	4.83 	3.63 	1.97 	1.83 	1.46 	1.34 
A,ICCS0703,P_HTHAB,CZ	: 	: 	: 	: 	28.04 	25.74 	24.47 	21.96 	15.79 	13.02 
A,ICCS0703,P_HTHAB,DE	: 	: 	: 	: 	7.91 	4.67 	4.80 	5.00 	5.01 	6.15 
A,ICCS0703,P_HTHAB,DK	: 	: 	: 	: 	91.92 	64.66 	83.60 	87.15 	66.51 	81.80 
A,ICCS0703,P_HTHAB,EE	: 	: 	: 	: 	: 	22.12 	28.50 	5.43 	6.09 	6.54 
A,ICCS0703,P_HTHAB,EL	: 	: 	: 	: 	: 	8.38 	6.13 	5.73 	5.66 	7.09 
A,ICCS0703,P_HTHAB,ES	: 	: 	: 	: 	2.46 	2.42 	2.09 	1.88 	1.61 	2.18 
A,ICCS0703,P_HTHAB,FI	: 	: 	: 	: 	66.83 	64.78 	69.76 	71.77 	73.14 	66.86 
A,ICCS0703,P_HTHAB,FR	: 	: 	: 	: 	3.01 	2.94 	3.52 	3.56 	3.40 	4.04 
A,ICCS0703,P_HTHAB,HR	: 	: 	: 	: 	21.60 	18.32 	12.54 	19.26 	13.26 	22.59 
A,ICCS0703,P_HTHAB,HU	: 	: 	: 	: 	11.85 	13.07 	22.89 	18.48 	24.33 	66.96 
A,ICCS0703,P_HTHAB,IE	: 	: 	: 	: 	: 	0.08 	0.12 	0.10 	0.12 	0.16 
A,ICCS0703,P_HTHAB,IT	: 	: 	: 	: 	35.12 	5.90 	5.57 	5.80 	6.32 	6.49 
A,ICCS0703,P_HTHAB,LI	: 	: 	: 	: 	10.63 	15.87 	36.73 	28.66 	25.81 	35.85 
A,ICCS0703,P_HTHAB,LT	: 	: 	: 	: 	26.35 	26.30 	19.76 	17.72 	19.72 	22.32 
A,ICCS0703,P_HTHAB,LU	: 	: 	: 	: 	0.87 	0.17 	0.50 	0.16 	0.80 	0.63 
A,ICCS0703,P_HTHAB,LV	: 	: 	: 	: 	14.58 	9.49 	12.51 	18.44 	9.54 	10.83 
A,ICCS0703,P_HTHAB,ME	: 	: 	: 	: 	12.86 	12.21 	38.88 	27.64 	24.76 	28.68 
A,ICCS0703,P_HTHAB,MT	: 	: 	: 	: 	1.11 	0.65 	1.68 	0.81 	3.11 	5.04 
A,ICCS0703,P_HTHAB,NL	: 	: 	: 	: 	40.67 	39.46 	38.59 	38.22 	33.81 	30.07 
A,ICCS0703,P_HTHAB,NO	: 	: 	: 	: 	0.88 	1.56 	0.68 	0.88 	0.75 	0.57 
A,ICCS0703,P_HTHAB,PL	: 	: 	: 	: 	18.68 	19.53 	26.43 	16.44 	19.77 	16.14 
A,ICCS0703,P_HTHAB,PT	: 	: 	: 	: 	1.47 	1.71 	1.61 	1.65 	1.50 	2.06 
A,ICCS0703,P_HTHAB,RO	: 	: 	: 	: 	7.09 	27.67 	22.42 	21.07 	17.66 	20.92 
A,ICCS0703,P_HTHAB,RS	: 	: 	: 	: 	19.05 	21.31 	16.84 	15.11 	10.77 	16.95 
A,ICCS0703,P_HTHAB,SE	: 	: 	: 	: 	213.55 	211.05 	207.81 	201.53 	191.63 	205.03 
A,ICCS0703,P_HTHAB,SI	: 	: 	: 	: 	56.15 	47.00 	10.31 	10.52 	14.89 	11.38 
A,ICCS0703,P_HTHAB,SK	: 	: 	: 	: 	1.94 	3.07 	2.77 	2.50 	2.40 	3.41 
A,ICCS0703,P_HTHAB,TR	: 	: 	: 	: 	6.30 	: 	: 	: 	: 	: 
A,ICCS0703,P_HTHAB,XK	: 	: 	: 	: 	14.68 	: 	: 	: 	: 	: 
A,ICCS07031,P_HTHAB,AL	: 	: 	: 	: 	8.90 	10.32 	9.55 	10.66 	5.66 	9.29 
A,ICCS07031,P_HTHAB,AT	: 	: 	: 	: 	0.23 	0.34 	0.27 	0.43 	0.42 	0.64 
A,ICCS07031,P_HTHAB,BE	: 	: 	: 	: 	0.85 	0.88 	0.85 	0.83 	0.59 	0.61 
A,ICCS07031,P_HTHAB,BG	: 	: 	: 	: 	1.85 	1.96 	2.37 	1.86 	1.70 	1.46 
A,ICCS07031,P_HTHAB,CH	: 	: 	: 	: 	0.24 	0.30 	0.21 	0.15 	0.23 	0.69 
A,ICCS07031,P_HTHAB,CY	: 	: 	: 	: 	4.48 	3.51 	1.85 	1.60 	1.24 	1.34 
A,ICCS07031,P_HTHAB,CZ	: 	: 	: 	: 	0.93 	0.87 	2.65 	1.15 	1.08 	0.89 
A,ICCS07031,P_HTHAB,DE	: 	: 	: 	: 	7.91 	4.67 	4.80 	5.00 	5.01 	6.15 
A,ICCS07031,P_HTHAB,DK	: 	: 	: 	: 	0.93 	0.47 	5.45 	0.79 	0.22 	0.91 
A,ICCS07031,P_HTHAB,EE	: 	: 	: 	: 	: 	12.54 	13.42 	2.79 	3.01 	3.08 
A,ICCS07031,P_HTHAB,EL	: 	: 	: 	: 	: 	1.11 	2.15 	1.77 	0.60 	2.37 
A,ICCS07031,P_HTHAB,ES	: 	: 	: 	: 	0.16 	0.15 	0.17 	0.12 	0.10 	0.29 
A,ICCS07031,P_HTHAB,FI	: 	: 	: 	: 	0.46 	0.31 	0.49 	0.24 	4.83 	0.42 
A,ICCS07031,P_HTHAB,FR	: 	: 	: 	: 	0.29 	0.31 	0.34 	0.34 	0.30 	0.39 
A,ICCS07031,P_HTHAB,HR	: 	: 	: 	: 	5.30 	4.65 	1.10 	0.96 	1.50 	2.55 
A,ICCS07031,P_HTHAB,HU	: 	: 	: 	: 	9.85 	10.26 	19.13 	3.96 	20.73 	63.18 
A,ICCS07031,P_HTHAB,IT	: 	: 	: 	: 	0.87 	0.88 	0.67 	0.77 	0.69 	0.58 
A,ICCS07031,P_HTHAB,LI	: 	: 	: 	: 	0.00 	: 	: 	: 	: 	: 
A,ICCS07031,P_HTHAB,LT	: 	: 	: 	: 	2.15 	3.02 	1.35 	2.72 	11.20 	12.52 
A,ICCS07031,P_HTHAB,LU	: 	: 	: 	: 	0.87 	0.17 	0.50 	0.16 	0.80 	0.63 
A,ICCS07031,P_HTHAB,LV	: 	: 	: 	: 	11.78 	6.41 	7.60 	5.36 	6.34 	7.76 
A,ICCS07031,P_HTHAB,ME	: 	: 	: 	: 	3.21 	0.64 	0.64 	0.16 	0.96 	1.29 
A,ICCS07031,P_HTHAB,MT	: 	: 	: 	: 	0.22 	0.22 	0.42 	0.20 	0.19 	1.16 
A,ICCS07031,P_HTHAB,PL	: 	: 	: 	: 	16.24 	13.20 	23.67 	10.76 	13.34 	13.10 
A,ICCS07031,P_HTHAB,PT	: 	: 	: 	: 	0.67 	0.81 	0.69 	0.68 	0.60 	0.97 
A,ICCS07031,P_HTHAB,RO	: 	: 	: 	: 	5.94 	4.35 	3.37 	3.33 	3.51 	3.97 
A,ICCS07031,P_HTHAB,RS	: 	: 	: 	: 	2.08 	2.09 	4.21 	3.14 	2.60 	2.82 
A,ICCS07031,P_HTHAB,SE	: 	: 	: 	: 	2.55 	2.87 	4.36 	1.57 	1.47 	3.85 
A,ICCS07031,P_HTHAB,SI	: 	: 	: 	: 	9.64 	3.87 	5.23 	8.89 	14.22 	8.49 
A,ICCS07031,P_HTHAB,SK	: 	: 	: 	: 	1.31 	2.35 	1.23 	1.14 	1.21 	1.76 
A,ICCS07031,P_HTHAB,TR	: 	: 	: 	: 	2.18 	: 	: 	: 	: 	: 
A,ICCS07031,P_HTHAB,XK	: 	: 	: 	: 	2.71 	2.47 	2.17 	1.11 	2.24 	: 
A,ICCS07041,P_HTHAB,AL	: 	: 	: 	: 	12.69 	13.18 	12.23 	14.01 	14.65 	: 
A,ICCS07041,P_HTHAB,AT	: 	: 	: 	: 	6.46 	7.09 	7.55 	4.85 	5.92 	: 
A,ICCS07041,P_HTHAB,BE	: 	: 	: 	: 	7.80 	7.97 	11.88 	19.83 	47.94 	: 
A,ICCS07041,P_HTHAB,BG	: 	: 	: 	: 	0.43 	0.63 	0.54 	0.44 	0.69 	: 
A,ICCS07041,P_HTHAB,CH	: 	: 	: 	: 	7.96 	9.58 	14.44 	20.74 	35.67 	: 
A,ICCS07041,P_HTHAB,CZ	: 	: 	: 	: 	11.18 	8.82 	7.35 	5.88 	5.20 	: 
A,ICCS07041,P_HTHAB,DE	: 	: 	: 	: 	14.04 	12.14 	10.45 	11.76 	10.75 	: 
A,ICCS07041,P_HTHAB,DK	: 	: 	: 	: 	0.07 	1.97 	1.82 	4.44 	20.33 	: 
A,ICCS07041,P_HTHAB,EE	: 	: 	: 	: 	5.17 	3.12 	7.66 	14.34 	1.58 	: 
A,ICCS07041,P_HTHAB,EL	: 	: 	: 	: 	0.24 	0.27 	0.24 	0.34 	0.32 	: 
A,ICCS07041,P_HTHAB,ES	: 	: 	: 	: 	0.56 	0.56 	0.58 	0.63 	0.65 	: 
A,ICCS07041,P_HTHAB,FI	: 	: 	: 	: 	6.74 	8.59 	7.73 	8.19 	10.75 	: 
A,ICCS07041,P_HTHAB,FR	: 	: 	: 	: 	1.37 	1.52 	1.89 	2.20 	2.82 	: 
A,ICCS07041,P_HTHAB,HR	: 	: 	: 	: 	1.38 	0.14 	0.63 	1.01 	0.52 	: 
A,ICCS07041,P_HTHAB,HU	: 	: 	: 	: 	0.52 	0.89 	2.46 	1.92 	3.08 	: 
A,ICCS07041,P_HTHAB,IS	: 	: 	: 	: 	: 	: 	29.85 	68.63 	79.09 	: 
A,ICCS07041,P_HTHAB,IT	: 	: 	: 	: 	2.98 	3.20 	3.24 	3.31 	3.11 	: 
A,ICCS07041,P_HTHAB,LI	: 	: 	: 	: 	180.75 	129.60 	128.56 	182.40 	149.69 	: 
A,ICCS07041,P_HTHAB,LT	: 	: 	: 	: 	1.11 	0.74 	1.96 	1.86 	2.97 	: 
A,ICCS07041,P_HTHAB,LV	: 	: 	: 	: 	6.09 	6.31 	10.13 	17.45 	21.75 	: 
A,ICCS07041,P_HTHAB,ME	: 	: 	: 	: 	: 	: 	29.56 	5.79 	6.43 	: 
A,ICCS07041,P_HTHAB,MT	: 	: 	: 	: 	17.10 	12.60 	6.94 	7.29 	20.41 	: 
A,ICCS07041,P_HTHAB,NL	: 	: 	: 	: 	3.59 	4.10 	5.24 	8.00 	10.75 	: 
A,ICCS07041,P_HTHAB,NO	: 	: 	: 	: 	2.19 	2.21 	1.78 	2.63 	2.92 	: 
A,ICCS07041,P_HTHAB,PL	: 	: 	: 	: 	0.89 	0.98 	1.26 	3.40 	1.71 	: 
A,ICCS07041,P_HTHAB,PT	: 	: 	: 	: 	0.17 	0.24 	0.30 	0.35 	0.46 	: 
A,ICCS07041,P_HTHAB,RO	: 	: 	: 	: 	4.83 	3.24 	2.24 	3.31 	1.24 	: 
A,ICCS07041,P_HTHAB,RS	: 	: 	: 	: 	0.17 	0.53 	1.96 	2.51 	1.65 	: 
A,ICCS07041,P_HTHAB,SE	: 	: 	: 	: 	20.01 	31.39 	67.06 	66.21 	90.08 	: 
A,ICCS07041,P_HTHAB,SI	: 	: 	: 	: 	2.47 	: 	: 	: 	: 	: 
A,ICCS07041,P_HTHAB,SK	: 	: 	: 	: 	2.14 	2.15 	2.04 	1.14 	1.41 	: 
A,ICCS07041,P_HTHAB,TR	: 	: 	: 	: 	1.26 	: 	: 	: 	: 	: 
A,ICCS07041,P_HTHAB,XK	: 	: 	: 	: 	0.23 	0.28 	0.17 	0.33 	0.22 	: 
A,ICCS0903,P_HTHAB,AL	: 	: 	: 	: 	2.92 	2.68 	2.33 	2.93 	3.76 	7.14 
A,ICCS0903,P_HTHAB,AT	: 	: 	: 	: 	150.60 	36.33 	31.31 	82.31 	141.39 	168.92 
A,ICCS0903,P_HTHAB,BE	: 	: 	: 	: 	32.36 	35.10 	47.91 	55.88 	81.15 	73.64 
A,ICCS0903,P_HTHAB,BG	: 	: 	: 	: 	0.81 	1.00 	0.82 	0.94 	0.69 	0.74 
A,ICCS0903,P_HTHAB,CY	: 	: 	: 	: 	4.72 	5.73 	6.83 	8.22 	19.59 	16.29 
A,ICCS0903,P_HTHAB,CZ	: 	: 	: 	: 	: 	7.41 	8.42 	10.25 	12.03 	17.44 
A,ICCS0903,P_HTHAB,DE	: 	: 	: 	: 	18.33 	15.70 	13.88 	15.69 	17.33 	: 
A,ICCS0903,P_HTHAB,EE	: 	: 	: 	: 	9.88 	12.69 	15.54 	14.87 	19.19 	18.80 
A,ICCS0903,P_HTHAB,EL	: 	: 	: 	: 	1.32 	1.79 	2.61 	3.25 	3.42 	3.62 
A,ICCS0903,P_HTHAB,ES	: 	: 	: 	: 	: 	9.54 	9.81 	11.67 	13.19 	15.78 
A,ICCS0903,P_HTHAB,FI	: 	: 	: 	: 	18.37 	16.99 	16.65 	20.70 	28.85 	35.64 
A,ICCS0903,P_HTHAB,FR	: 	: 	: 	: 	15.83 	15.22 	14.83 	16.97 	20.51 	23.70 
A,ICCS0903,P_HTHAB,HR	: 	: 	: 	: 	40.64 	28.55 	33.52 	68.99 	25.45 	32.13 
A,ICCS0903,P_HTHAB,HU	: 	: 	: 	: 	: 	51.74 	37.04 	33.17 	44.02 	: 
A,ICCS0903,P_HTHAB,IE	: 	: 	: 	: 	: 	: 	0.77 	2.06 	1.43 	2.14 
A,ICCS0903,P_HTHAB,IT	: 	: 	: 	: 	: 	15.56 	19.91 	24.93 	30.16 	33.64 
A,ICCS0903,P_HTHAB,LT	: 	: 	: 	: 	17.21 	22.09 	19.40 	15.71 	16.46 	25.22 
A,ICCS0903,P_HTHAB,LV	: 	: 	: 	: 	: 	0.26 	0.93 	0.26 	0.26 	0.95 
A,ICCS0903,P_HTHAB,ME	: 	: 	: 	: 	: 	0.16 	0.16 	0.96 	0.80 	1.45 
A,ICCS0903,P_HTHAB,MT	: 	: 	: 	: 	: 	40.63 	47.09 	42.75 	62.19 	77.12 
A,ICCS0903,P_HTHAB,NL	: 	: 	: 	: 	: 	13.58 	17.14 	28.15 	: 	: 
A,ICCS0903,P_HTHAB,PL	: 	: 	: 	: 	8.24 	7.57 	7.51 	14.59 	16.11 	16.31 
A,ICCS0903,P_HTHAB,PT	: 	: 	: 	: 	7.75 	9.47 	8.98 	12.83 	16.24 	14.53 
A,ICCS0903,P_HTHAB,RO	: 	: 	: 	: 	: 	5.47 	6.76 	6.31 	6.22 	7.82 
A,ICCS0903,P_HTHAB,SE	: 	: 	: 	: 	76.67 	70.61 	87.22 	88.48 	86.65 	111.43 
A,ICCS0903,P_HTHAB,SI	: 	: 	: 	: 	13.23 	9.78 	11.47 	11.49 	10.59 	7.92 
A,ICCS0903,P_HTHAB,SK	: 	: 	: 	: 	4.48 	0.48 	1.05 	1.30 	1.14 	1.32 
A,ICCS0903,P_HTHAB,XK	: 	: 	: 	: 	10.22 	8.63 	: 	: 	: 	: 
A,ICCS09051,P_HTHAB,AL	: 	: 	: 	: 	0.35 	0.45 	1.11 	1.33 	0.53 	0.95 
A,ICCS09051,P_HTHAB,AT	: 	: 	: 	: 	0.66 	0.84 	0.90 	1.34 	1.06 	1.01 
A,ICCS09051,P_HTHAB,BE	: 	: 	: 	: 	2.14 	2.51 	2.31 	2.65 	2.71 	4.23 
A,ICCS09051,P_HTHAB,BG	: 	: 	: 	: 	0.94 	0.92 	1.46 	1.51 	1.28 	0.95 
A,ICCS09051,P_HTHAB,CH	: 	: 	: 	: 	0.84 	0.76 	0.13 	0.67 	0.49 	0.24 
A,ICCS09051,P_HTHAB,CY	: 	: 	: 	: 	0.00 	0.00 	0.12 	0.00 	0.00 	0.00 
A,ICCS09051,P_HTHAB,CZ	: 	: 	: 	: 	0.10 	0.05 	0.08 	0.23 	0.17 	0.21 
A,ICCS09051,P_HTHAB,DE	: 	: 	: 	: 	0.69 	0.69 	0.65 	0.70 	0.71 	0.84 
A,ICCS09051,P_HTHAB,EE	: 	: 	: 	: 	: 	2.58 	1.21 	0.38 	0.23 	0.08 
A,ICCS09051,P_HTHAB,EL	: 	: 	: 	: 	3.76 	4.26 	3.12 	3.52 	3.69 	3.35 
A,ICCS09051,P_HTHAB,ES	: 	: 	: 	: 	2.61 	2.44 	3.05 	2.48 	2.78 	3.52 
A,ICCS09051,P_HTHAB,FI	: 	: 	: 	: 	0.04 	0.00 	0.02 	0.04 	0.05 	0.05 
A,ICCS09051,P_HTHAB,FR	: 	: 	: 	: 	2.01 	2.32 	2.31 	2.39 	2.45 	3.21 
A,ICCS09051,P_HTHAB,HR	: 	: 	: 	: 	0.41 	0.43 	0.37 	0.61 	0.69 	0.50 
A,ICCS09051,P_HTHAB,IT	: 	: 	: 	: 	1.29 	1.14 	1.02 	0.93 	1.01 	1.19 
A,ICCS09051,P_HTHAB,LI	: 	: 	: 	: 	2.66 	: 	: 	: 	: 	: 
A,ICCS09051,P_HTHAB,LT	: 	: 	: 	: 	0.00 	0.07 	0.32 	0.00 	0.36 	0.18 
A,ICCS09051,P_HTHAB,LU	: 	: 	: 	: 	3.82 	4.23 	4.82 	2.93 	5.75 	9.61 
A,ICCS09051,P_HTHAB,ME	: 	: 	: 	: 	4.34 	9.16 	19.44 	10.13 	17.85 	8.05 
A,ICCS09051,P_HTHAB,MT	: 	: 	: 	: 	0.00 	0.00 	0.00 	0.00 	0.00 	0.00 
A,ICCS09051,P_HTHAB,PL	: 	: 	: 	: 	1.28 	1.52 	1.20 	1.30 	2.30 	2.37 
A,ICCS09051,P_HTHAB,PT	: 	: 	: 	: 	0.10 	0.10 	0.06 	0.08 	0.05 	0.03 
A,ICCS09051,P_HTHAB,RO	: 	: 	: 	: 	5.32 	4.93 	3.52 	2.81 	2.53 	3.07 
A,ICCS09051,P_HTHAB,RS	: 	: 	: 	: 	: 	0.00 	: 	: 	: 	: 
A,ICCS09051,P_HTHAB,SI	: 	: 	: 	: 	0.05 	0.05 	0.19 	0.24 	0.05 	0.19 
A,ICCS09051,P_HTHAB,SK	: 	: 	: 	: 	0.11 	0.11 	0.17 	0.11 	0.18 	0.26 
A,ICCS09051,P_HTHAB,TR	: 	: 	: 	: 	8.44 	: 	: 	: 	: 	: 
A,ICCS09051,P_HTHAB,XK	: 	: 	: 	: 	0.28 	0.28 	0.11 	0.17 	0.28 	: 
